id,season,week,season_type,start_date,start_time_tbd,neutral_site,conference_game,attendance,venue_id,venue,home_id,home_team,home_conference,home_points,home_post_win_prob,home_pregame_elo,home_postgame_elo,away_id,away_team,away_conference,away_points,away_post_win_prob,away_pregame_elo,away_postgame_elo,excitement_index,highlights,notes
63070,2000,1,regular,2000-08-26T00:00:00.000Z,,false,,,,,2348,Louisiana Tech,FBS Independents,63,,,,2400,Mississippi Valley State,,10,,,,,,
63071,2000,1,regular,2000-08-26T00:00:00.000Z,,false,,,,,2641,Texas Tech,Big 12,24,,1467,1502,167,New Mexico,Mountain West,3,,1324,1289,,,
63068,2000,1,regular,2000-08-26T00:00:00.000Z,,false,,,,,52,Florida State,ACC,29,,1921,1952,252,BYU,Mountain West,3,,1603,1572,,,
63069,2000,1,regular,2000-08-26T00:00:00.000Z,,false,,,,,2306,Kansas State,Big 12,27,,1908,1903,2294,Iowa,Big Ten,7,,1344,1349,,,
63072,2000,1,regular,2000-08-27T00:00:00.000Z,,false,,,,,30,USC,Pac-10,29,,1641,1718,213,Penn State,Big Ten,5,,1789,1712,,,
63076,2000,2,regular,2000-08-31T00:00:00.000Z,,false,,,,,249,North Texas,Big West,7,,1181,1153,239,Baylor,Big 12,20,,1191,1219,,,
63075,2000,2,regular,2000-08-31T00:00:00.000Z,,false,,,,,2,Auburn,SEC,35,,1595,1613,2751,Wyoming,Mountain West,21,,1478,1460,,,
63079,2000,2,regular,2000-08-31T00:00:00.000Z,,false,,,,,77,Northwestern,Big Ten,35,,1343,1385,2459,Northern Illinois,Mid-American,17,,1362,1320,,,
63080,2000,2,regular,2000-08-31T00:00:00.000Z,,false,,,,,275,Wisconsin,Big Ten,19,,1852,1848,2711,Western Michigan,Mid-American,7,,1488,1492,,,
63074,2000,2,regular,2000-08-31T00:00:00.000Z,,false,,,,,21,San Diego State,Mountain West,7,,1565,1557,9,Arizona State,Pac-10,10,,1511,1519,,,
63078,2000,2,regular,2000-08-31T00:00:00.000Z,,false,,,,,2390,Miami,Big East,61,,,,2377,McNeese,,14,,,,,,
63073,2000,2,regular,2000-08-31T00:00:00.000Z,,false,,,,,154,Wake Forest,ACC,16,,1562,1550,2026,Appalachian State,,20,,1479,1491,,,
63077,2000,2,regular,2000-08-31T00:00:00.000Z,,false,,,,,276,Marshall,Mid-American,63,,,,2546,Southeast Missouri State,,7,,,,,,
63081,2000,2,regular,2000-09-02T00:00:00.000Z,,false,,,,,2005,Air Force,Mountain West,55,,,,1000887,Cal State Northridge,,6,,,,,,
63083,2000,2,regular,2000-09-02T00:00:00.000Z,,false,,,,,8,Arkansas,SEC,38,,,,2623,Missouri State,,0,,,,,,
63129,2000,2,regular,2000-09-02T00:00:00.000Z,,false,true,,,,277,West Virginia,Big East,34,,1595,1628,103,Boston College,Big East,14,,1459,1426,,,
63109,2000,2,regular,2000-09-02T00:00:00.000Z,,false,,,,,201,Oklahoma,Big 12,55,,1725,1790,2638,UTEP,Western Athletic,14,,1306,1241,,,
63112,2000,2,regular,2000-09-02T00:00:00.000Z,,false,,,,,221,Pittsburgh,Big East,30,,1446,1475,2309,Kent State,Mid-American,7,,1186,1157,,,
63117,2000,2,regular,2000-09-02T00:00:00.000Z,,false,,,,,2579,South Carolina,SEC,31,,1367,1450,166,New Mexico State,Big West,0,,1363,1280,,,
63126,2000,2,regular,2000-09-02T00:00:00.000Z,,false,,,,,26,UCLA,Pac-10,35,,1451,1494,333,Alabama,SEC,24,,1727,1684,,,
63127,2000,2,regular,2000-09-02T00:00:00.000Z,,false,,,,,259,Virginia Tech,Big East,52,,1903,1926,2006,Akron,Mid-American,23,,1421,1398,,,
63103,2000,2,regular,2000-09-02T00:00:00.000Z,,false,,,,,142,Missouri,Big 12,50,,,,2710,Western Illinois,,20,,,,,,
63111,2000,2,regular,2000-09-02T00:00:00.000Z,,false,,,,,204,Oregon State,Pac-10,21,,,,331,Eastern Washington,,19,,,,,,
63115,2000,2,regular,2000-09-02T00:00:00.000Z,,false,,,,,164,Rutgers,Big East,34,,,,222,Villanova,,21,,,,,,
63116,2000,2,regular,2000-09-02T00:00:00.000Z,,false,,,,,309,Louisiana,FBS Independents,14,,,,2534,Sam Houston State,,21,,,,,,
63118,2000,2,regular,2000-09-02T00:00:00.000Z,,false,,,,,58,South Florida,FBS Independents,40,,,,55,Jacksonville State,,0,,,,,,
63108,2000,2,regular,2000-09-02T00:00:00.000Z,,false,,,,,194,Ohio State,Big Ten,43,,1615,1706,278,Fresno State,Western Athletic,10,,1613,1522,,,
63086,2000,2,regular,2000-09-02T00:00:00.000Z,,false,,,,,228,Clemson,ACC,38,,,,2643,The Citadel,,0,,,,,,
63096,2000,2,regular,2000-09-02T00:00:00.000Z,,false,,,,,99,LSU,SEC,58,,,,2717,Western Carolina,,0,,,,,,
63091,2000,2,regular,2000-09-02T00:00:00.000Z,,false,,,,,61,Georgia,SEC,29,,1613,1651,290,Georgia Southern,,7,,1469,1431,,,
63113,2000,2,regular,2000-09-02T00:00:00.000Z,,false,,,,,2509,Purdue,Big Ten,48,,1719,1802,2117,Central Michigan,Mid-American,0,,1273,1190,,,
63119,2000,2,regular,2000-09-02T00:00:00.000Z,,false,,,,,2567,SMU,Western Athletic,31,,1398,1428,2305,Kansas,Big 12,17,,1421,1391,,,
63120,2000,2,regular,2000-09-02T00:00:00.000Z,,false,true,,,,265,Washington State,Pac-10,10,,1425,1410,24,Stanford,Pac-10,24,,1609,1624,,,
63121,2000,2,regular,2000-09-02T00:00:00.000Z,,false,,,,,183,Syracuse,Big East,63,,1579,1684,2084,Buffalo,Mid-American,7,,1101,996,,,
63122,2000,2,regular,2000-09-02T00:00:00.000Z,,false,,,,,2426,Navy,FBS Independents,6,,1462,1417,218,Temple,Big East,17,,1243,1288,,,
63123,2000,2,regular,2000-09-02T00:00:00.000Z,,false,,,,,2633,Tennessee,SEC,19,,1834,1833,2572,Southern Mississippi,Conference USA,16,,1685,1686,,,
63124,2000,2,regular,2000-09-02T00:00:00.000Z,,false,,,,,2641,Texas Tech,Big 12,38,,1502,1539,328,Utah State,Big West,16,,1351,1314,,,
63125,2000,2,regular,2000-09-02T00:00:00.000Z,,false,,,,,213,Penn State,Big Ten,6,,1712,1650,2649,Toledo,Mid-American,24,,1552,1614,,,
63128,2000,2,regular,2000-09-02T00:00:00.000Z,,false,,,,,264,Washington,Pac-10,44,,1606,1640,70,Idaho,Big West,20,,1364,1330,,,
63107,2000,2,regular,2000-09-02T00:00:00.000Z,,false,,,,,87,Notre Dame,FBS Independents,24,,1608,1638,245,Texas A&M,Big 12,10,,1629,1599,,,
63110,2000,2,regular,2000-09-02T00:00:00.000Z,,false,,,,,2483,Oregon,Pac-10,36,,1745,1768,2440,Nevada,Western Athletic,7,,1259,1236,,,
63114,2000,2,regular,2000-09-02T00:00:00.000Z,,false,,,,,242,Rice,Western Athletic,30,,1422,1424,248,Houston,Conference USA,27,,1487,1485,,,
63082,2000,2,regular,2000-09-02T00:00:00.000Z,,false,,,,,254,Utah,Mountain West,3,,1671,1627,12,Arizona,Pac-10,17,,1554,1598,,,
63084,2000,2,regular,2000-09-02T00:00:00.000Z,,false,,,,,167,New Mexico,Mountain West,14,,1289,1275,68,Boise State,Big West,31,,1559,1573,,,
63085,2000,2,regular,2000-09-02T00:00:00.000Z,,false,,,,,258,Virginia,ACC,35,,1493,1493,252,BYU,Mountain West,38,,1572,1572,,,
63087,2000,2,regular,2000-09-02T00:00:00.000Z,,false,,,,,36,Colorado State,Mountain West,28,,1598,1604,38,Colorado,Big 12,24,,1687,1681,,,
63088,2000,2,regular,2000-09-02T00:00:00.000Z,,false,,,,,150,Duke,ACC,0,,1295,1219,151,East Carolina,Conference USA,38,,1562,1638,,,
63089,2000,2,regular,2000-09-02T00:00:00.000Z,,false,,,,,2199,Eastern Michigan,Mid-American,32,,1302,1322,41,Connecticut,FBS Independents,25,,1477,1457,,,
63090,2000,2,regular,2000-09-02T00:00:00.000Z,,false,,,,,57,Florida,SEC,40,,1718,1717,2050,Ball State,Mid-American,19,,1181,1182,,,
63092,2000,2,regular,2000-09-02T00:00:00.000Z,,false,,,,,59,Georgia Tech,ACC,21,,1668,1665,2116,UCF,FBS Independents,17,,1461,1464,,,
63093,2000,2,regular,2000-09-02T00:00:00.000Z,,false,,,,,356,Illinois,Big Ten,35,,1669,1694,2393,Middle Tennessee,FBS Independents,6,,1211,1186,,,
63094,2000,2,regular,2000-09-02T00:00:00.000Z,,false,,,,,66,Iowa State,Big 12,25,,1455,1472,195,Ohio,Mid-American,15,,1459,1442,,,
63095,2000,2,regular,2000-09-02T00:00:00.000Z,,false,,,,,2306,Kansas State,Big 12,54,,1903,1985,2348,Louisiana Tech,FBS Independents,10,,1549,1467,,,
63097,2000,2,regular,2000-09-02T00:00:00.000Z,,false,,,,,97,Louisville,Conference USA,40,,1541,1548,96,Kentucky,SEC,34,,1530,1523,,,
63098,2000,2,regular,2000-09-02T00:00:00.000Z,,false,,,,,238,Vanderbilt,SEC,30,,1394,1399,193,Miami (OH),Mid-American,33,,1557,1552,,,
63099,2000,2,regular,2000-09-02T00:00:00.000Z,,false,,,,,130,Michigan,Big Ten,42,,1752,1806,189,Bowling Green,Mid-American,7,,1398,1344,,,
63100,2000,2,regular,2000-09-02T00:00:00.000Z,,false,,,,,135,Minnesota,Big Ten,47,,1659,1705,2433,Louisiana Monroe,FBS Independents,10,,1185,1139,,,
63101,2000,2,regular,2000-09-02T00:00:00.000Z,,false,,,,,145,Ole Miss,SEC,49,,1643,1686,2655,Tulane,Conference USA,20,,1355,1312,,,
63102,2000,2,regular,2000-09-02T00:00:00.000Z,,false,,,,,235,Memphis,Conference USA,3,,1537,1515,344,Mississippi State,SEC,17,,1645,1667,,,
63104,2000,2,regular,2000-09-02T00:00:00.000Z,,false,,,,,158,Nebraska,Big 12,49,,1953,1963,23,San José State,Western Athletic,13,,1156,1146,,,
63105,2000,2,regular,2000-09-02T00:00:00.000Z,,false,,,,,153,North Carolina,ACC,30,,1491,1518,202,Tulsa,Western Athletic,9,,1271,1244,,,
63106,2000,2,regular,2000-09-02T00:00:00.000Z,,false,,,,,152,NC State,ACC,38,,1439,1434,2032,Arkansas State,Big West,31,,1169,1174,,,
63130,2000,2,regular,2000-09-04T00:00:00.000Z,,false,true,,,,2132,Cincinnati,Conference USA,23,,1448,1452,349,Army,Conference USA,17,,1374,1370,,,
63131,2000,3,regular,2000-09-07T00:00:00.000Z,,false,,,,,5,UAB,Conference USA,20,,,,236,Chattanooga,,15,,,,,,
63132,2000,3,regular,2000-09-07T00:00:00.000Z,,false,,,,,151,East Carolina,Conference USA,28,,1638,1626,259,Virginia Tech,Big East,45,,1926,1938,,,
63180,2000,3,regular,2000-09-09T00:00:00.000Z,,false,true,,,,2638,UTEP,Western Athletic,37,,1241,1297,2567,SMU,Western Athletic,20,,1428,1372,,,
63136,2000,3,regular,2000-09-09T00:00:00.000Z,,false,,,,,68,Boise State,Big West,42,,,,2460,Northern Iowa,,17,,,,,,
63139,2000,3,regular,2000-09-09T00:00:00.000Z,,false,,,,,2116,UCF,FBS Independents,19,,,,2466,Northwestern State,,7,,,,,,
63143,2000,3,regular,2000-09-09T00:00:00.000Z,,false,,,,,36,Colorado State,Mountain West,41,,,,2193,East Tennessee State,,7,,,,,,
63144,2000,3,regular,2000-09-09T00:00:00.000Z,,false,,,,,41,Connecticut,FBS Independents,37,,,,2142,Colgate,,7,,,,,,
63151,2000,3,regular,2000-09-09T00:00:00.000Z,,false,,,,,97,Louisville,Conference USA,52,,,,2755,Grambling,,0,,,,,,
63157,2000,3,regular,2000-09-09T00:00:00.000Z,,false,,,,,70,Idaho,Big West,38,,,,149,Montana,,45,,,,,,
63161,2000,3,regular,2000-09-09T00:00:00.000Z,,false,,,,,2459,Northern Illinois,Mid-American,52,,,,2287,Illinois State,,0,,,,,,
63170,2000,3,regular,2000-09-09T00:00:00.000Z,,false,,,,,62,Hawai'i,Western Athletic,20,,,,2502,Portland State,,45,,,,,,
63181,2000,3,regular,2000-09-09T00:00:00.000Z,,false,,,,,2649,Toledo,Mid-American,51,,,,2692,Weber State,,0,,,,,,
63183,2000,3,regular,2000-09-09T00:00:00.000Z,,false,,,,,328,Utah State,Big West,30,,,,253,Southern Utah,,14,,,,,,
63184,2000,3,regular,2000-09-09T00:00:00.000Z,,false,,,,,258,Virginia,ACC,34,,,,257,Richmond,,6,,,,,,
63186,2000,3,regular,2000-09-09T00:00:00.000Z,,false,,,,,2050,Ball State,Mid-American,14,,,,2710,Western Illinois,,24,,,,,,
63188,2000,3,regular,2000-09-09T00:00:00.000Z,,false,,,,,275,Wisconsin,Big Ten,27,,1848,1849,2483,Oregon,Pac-10,23,,1768,1767,,,
63187,2000,3,regular,2000-09-09T00:00:00.000Z,,false,,,,,2294,Iowa,Big Ten,21,,1349,1349,2711,Western Michigan,Mid-American,27,,1492,1492,,,
63185,2000,3,regular,2000-09-09T00:00:00.000Z,,false,,,,,264,Washington,Pac-10,34,,1640,1652,2390,Miami,Big East,29,,1795,1783,,,
63182,2000,3,regular,2000-09-09T00:00:00.000Z,,false,,,,,26,UCLA,Pac-10,24,,1494,1495,278,Fresno State,Western Athletic,21,,1522,1521,,,
63133,2000,3,regular,2000-09-09T00:00:00.000Z,,false,true,,,,2005,Air Force,Mountain West,31,,1595,1606,252,BYU,Mountain West,23,,1572,1561,,,
63134,2000,3,regular,2000-09-09T00:00:00.000Z,,false,true,,,,333,Alabama,SEC,28,,1684,1698,238,Vanderbilt,SEC,10,,1399,1385,,,
63135,2000,3,regular,2000-09-09T00:00:00.000Z,,false,true,,,,145,Ole Miss,SEC,27,,1686,1664,2,Auburn,SEC,35,,1613,1635,,,
63137,2000,3,regular,2000-09-09T00:00:00.000Z,,false,,,,,349,Army,Conference USA,17,,1370,1265,103,Boston College,Big East,55,,1426,1531,,,
63138,2000,3,regular,2000-09-09T00:00:00.000Z,,false,,,,,25,California,Pac-10,24,,1479,1482,254,Utah,Mountain West,21,,1627,1624,,,
63140,2000,3,regular,2000-09-09T00:00:00.000Z,,false,true,,,,2117,Central Michigan,Mid-American,17,,1190,1223,2006,Akron,Mid-American,7,,1398,1365,,,
63141,2000,3,regular,2000-09-09T00:00:00.000Z,,false,,,,,2132,Cincinnati,Conference USA,12,,1452,1455,183,Syracuse,Big East,10,,1684,1681,,,
63142,2000,3,regular,2000-09-09T00:00:00.000Z,,false,,,,,228,Clemson,ACC,62,,1619,1745,142,Missouri,Big 12,9,,1361,1235,,,
63145,2000,3,regular,2000-09-09T00:00:00.000Z,,false,,,,,57,Florida,SEC,55,,1717,1812,2393,Middle Tennessee,FBS Independents,0,,1186,1091,,,
63146,2000,3,regular,2000-09-09T00:00:00.000Z,,false,true,,,,59,Georgia Tech,ACC,21,,1665,1675,52,Florida State,ACC,26,,1952,1942,,,
63147,2000,3,regular,2000-09-09T00:00:00.000Z,,false,,,,,21,San Diego State,Mountain West,13,,1557,1470,356,Illinois,Big Ten,49,,1694,1781,,,
63148,2000,3,regular,2000-09-09T00:00:00.000Z,,false,,,,,66,Iowa State,Big 12,37,,1472,1482,2439,UNLV,Mountain West,22,,1229,1219,,,
63149,2000,3,regular,2000-09-09T00:00:00.000Z,,false,,,,,96,Kentucky,SEC,27,,1523,1556,58,South Florida,FBS Independents,9,,1447,1414,,,
63150,2000,3,regular,2000-09-09T00:00:00.000Z,,false,,,,,99,LSU,SEC,28,,1547,1573,248,Houston,Conference USA,13,,1485,1459,,,
63152,2000,3,regular,2000-09-09T00:00:00.000Z,,false,,,,,120,Maryland,ACC,17,,1489,1488,218,Temple,Big East,10,,1288,1289,,,
63153,2000,3,regular,2000-09-09T00:00:00.000Z,,false,,,,,235,Memphis,Conference USA,28,,1515,1546,2433,Louisiana Monroe,FBS Independents,0,,1139,1108,,,
63154,2000,3,regular,2000-09-09T00:00:00.000Z,,false,true,,,,2199,Eastern Michigan,Mid-American,17,,1322,1304,193,Miami (OH),Mid-American,34,,1552,1570,,,
63155,2000,3,regular,2000-09-09T00:00:00.000Z,,false,,,,,130,Michigan,Big Ten,38,,1806,1845,242,Rice,Western Athletic,7,,1424,1385,,,
63156,2000,3,regular,2000-09-09T00:00:00.000Z,,false,,,,,127,Michigan State,Big Ten,34,,1727,1750,276,Marshall,Mid-American,24,,1805,1782,,,
63158,2000,3,regular,2000-09-09T00:00:00.000Z,,false,,,,,87,Notre Dame,FBS Independents,24,,1638,1652,158,Nebraska,Big 12,27,,1963,1949,,,
63159,2000,3,regular,2000-09-09T00:00:00.000Z,,false,true,,,,154,Wake Forest,ACC,14,,1550,1493,153,North Carolina,ACC,35,,1518,1575,,,
63160,2000,3,regular,2000-09-09T00:00:00.000Z,,false,,,,,84,Indiana,Big Ten,38,,1397,1395,152,NC State,ACC,41,,1434,1436,,,
63162,2000,3,regular,2000-09-09T00:00:00.000Z,,false,,,,,77,Northwestern,Big Ten,38,,1385,1455,150,Duke,ACC,5,,1219,1149,,,
63163,2000,3,regular,2000-09-09T00:00:00.000Z,,false,,,,,135,Minnesota,Big Ten,17,,1705,1673,195,Ohio,Mid-American,23,,1442,1474,,,
63164,2000,3,regular,2000-09-09T00:00:00.000Z,,false,,,,,12,Arizona,Pac-10,17,,1598,1586,194,Ohio State,Big Ten,27,,1706,1718,,,
63165,2000,3,regular,2000-09-09T00:00:00.000Z,,false,,,,,201,Oklahoma,Big 12,45,,1790,1823,2032,Arkansas State,Big West,7,,1174,1141,,,
63166,2000,3,regular,2000-09-09T00:00:00.000Z,,false,,,,,202,Tulsa,Western Athletic,26,,1244,1246,197,Oklahoma State,Big 12,36,,1525,1523,,,
63167,2000,3,regular,2000-09-09T00:00:00.000Z,,false,,,,,167,New Mexico,Mountain West,20,,1275,1284,204,Oregon State,Pac-10,28,,1606,1597,,,
63168,2000,3,regular,2000-09-09T00:00:00.000Z,,false,,,,,213,Penn State,Big Ten,67,,1650,1814,2348,Louisiana Tech,FBS Independents,7,,1467,1303,,,
63169,2000,3,regular,2000-09-09T00:00:00.000Z,,false,,,,,189,Bowling Green,Mid-American,16,,1344,1314,221,Pittsburgh,Big East,34,,1475,1505,,,
63171,2000,3,regular,2000-09-09T00:00:00.000Z,,false,,,,,2509,Purdue,Big Ten,45,,1802,1824,2309,Kent State,Mid-American,10,,1157,1135,,,
63172,2000,3,regular,2000-09-09T00:00:00.000Z,,false,,,,,164,Rutgers,Big East,59,,1114,1285,2084,Buffalo,Mid-American,0,,996,825,,,
63173,2000,3,regular,2000-09-09T00:00:00.000Z,,false,,,,,24,Stanford,Pac-10,27,,1624,1542,23,San José State,Western Athletic,40,,1146,1228,,,
63174,2000,3,regular,2000-09-09T00:00:00.000Z,,false,true,,,,2579,South Carolina,SEC,21,,1450,1486,61,Georgia,SEC,10,,1651,1615,,,
63175,2000,3,regular,2000-09-09T00:00:00.000Z,,false,,,,,30,USC,Pac-10,17,,1718,1718,38,Colorado,Big 12,14,,1681,1681,,,
63176,2000,3,regular,2000-09-09T00:00:00.000Z,,false,,,,,251,Texas,Big 12,52,,1729,1771,309,Louisiana,FBS Independents,10,,1091,1049,,,
63177,2000,3,regular,2000-09-09T00:00:00.000Z,,false,,,,,245,Texas A&M,Big 12,51,,1599,1725,2751,Wyoming,Mountain West,3,,1460,1334,,,
63178,2000,3,regular,2000-09-09T00:00:00.000Z,,false,true,,,,2440,Nevada,Western Athletic,10,,1236,1195,2628,TCU,Western Athletic,41,,1611,1652,,,
63179,2000,3,regular,2000-09-09T00:00:00.000Z,,false,,,,,2641,Texas Tech,Big 12,13,,1539,1529,249,North Texas,Big West,7,,1153,1163,,,
63189,2000,4,regular,2000-09-14T00:00:00.000Z,,false,,,,,252,BYU,Mountain West,28,,1561,1534,344,Mississippi State,SEC,44,,1667,1694,,,
63195,2000,4,regular,2000-09-16T00:00:00.000Z,,false,true,,,,228,Clemson,ACC,55,,1745,1855,154,Wake Forest,ACC,7,,1493,1383,,,
63201,2000,4,regular,2000-09-16T00:00:00.000Z,,false,true,,,,248,Houston,Conference USA,31,,1459,1454,349,Army,Conference USA,30,,1265,1270,,,
63202,2000,4,regular,2000-09-16T00:00:00.000Z,,false,,,,,356,Illinois,Big Ten,17,,1781,1778,25,California,Pac-10,15,,1482,1485,,,
63203,2000,4,regular,2000-09-16T00:00:00.000Z,,false,,,,,2294,Iowa,Big Ten,14,,1349,1340,66,Iowa State,Big 12,24,,1482,1491,,,
63204,2000,4,regular,2000-09-16T00:00:00.000Z,,false,,,,,2305,Kansas,Big 12,23,,1391,1392,5,UAB,Conference USA,20,,1397,1396,,,
63205,2000,4,regular,2000-09-16T00:00:00.000Z,,false,,,,,2306,Kansas State,Big 12,76,,1985,2111,2050,Ball State,Mid-American,0,,1182,1056,,,
63206,2000,4,regular,2000-09-16T00:00:00.000Z,,false,,,,,96,Kentucky,SEC,41,,1556,1557,84,Indiana,Big Ten,34,,1395,1394,,,
63208,2000,4,regular,2000-09-16T00:00:00.000Z,,false,,,,,2032,Arkansas State,Big West,17,,1141,1159,235,Memphis,Conference USA,19,,1546,1528,,,
63209,2000,4,regular,2000-09-16T00:00:00.000Z,,false,,,,,142,Missouri,Big 12,10,,1235,1258,127,Michigan State,Big Ten,13,,1750,1727,,,
63211,2000,4,regular,2000-09-16T00:00:00.000Z,,false,,,,,239,Baylor,Big 12,9,,1219,1203,135,Minnesota,Big Ten,34,,1673,1689,,,
63212,2000,4,regular,2000-09-16T00:00:00.000Z,,false,true,,,,238,Vanderbilt,SEC,7,,1385,1395,145,Ole Miss,SEC,12,,1664,1654,,,
63213,2000,4,regular,2000-09-16T00:00:00.000Z,,false,,,,,2439,UNLV,Mountain West,38,,1219,1320,249,North Texas,Big West,0,,1163,1062,,,
63214,2000,4,regular,2000-09-16T00:00:00.000Z,,false,,,,,166,New Mexico State,Big West,13,,1280,1276,167,New Mexico,Mountain West,16,,1284,1288,,,
63215,2000,4,regular,2000-09-16T00:00:00.000Z,,false,,,,,152,NC State,ACC,41,,1436,1547,2567,SMU,Western Athletic,0,,1372,1261,,,
63216,2000,4,regular,2000-09-16T00:00:00.000Z,,false,,,,,87,Notre Dame,FBS Independents,23,,1652,1655,2509,Purdue,Big Ten,21,,1824,1821,,,
63218,2000,4,regular,2000-09-16T00:00:00.000Z,,false,,,,,194,Ohio State,Big Ten,27,,1718,1727,193,Miami (OH),Mid-American,16,,1570,1561,,,
63220,2000,4,regular,2000-09-16T00:00:00.000Z,,false,,,,,2483,Oregon,Pac-10,42,,1767,1795,70,Idaho,Big West,13,,1330,1302,,,
63221,2000,4,regular,2000-09-16T00:00:00.000Z,,false,,,,,221,Pittsburgh,Big East,12,,1505,1555,213,Penn State,Big Ten,0,,1814,1764,,,
63223,2000,4,regular,2000-09-16T00:00:00.000Z,,false,,,,,2579,South Carolina,SEC,41,,1486,1560,2199,Eastern Michigan,Mid-American,6,,1304,1230,,,
63225,2000,4,regular,2000-09-16T00:00:00.000Z,,false,,,,,333,Alabama,SEC,0,,1698,1643,2572,Southern Mississippi,Conference USA,21,,1686,1741,,,
63226,2000,4,regular,2000-09-16T00:00:00.000Z,,false,,,,,24,Stanford,Pac-10,27,,1542,1546,251,Texas,Big 12,24,,1771,1767,,,
63190,2000,4,regular,2000-09-16T00:00:00.000Z,,false,,,,,2006,Akron,Mid-American,35,,1365,1393,2116,UCF,FBS Independents,24,,1464,1436,,,
63191,2000,4,regular,2000-09-16T00:00:00.000Z,,false,,,,,12,Arizona,Pac-10,17,,1586,1604,21,San Diego State,Mountain West,3,,1470,1452,,,
63192,2000,4,regular,2000-09-16T00:00:00.000Z,,false,,,,,9,Arizona State,Pac-10,13,,1519,1521,36,Colorado State,Mountain West,10,,1604,1602,,,
63193,2000,4,regular,2000-09-16T00:00:00.000Z,,false,,,,,8,Arkansas,SEC,38,,1689,1692,68,Boise State,Big West,31,,1573,1570,,,
63194,2000,4,regular,2000-09-16T00:00:00.000Z,,false,true,,,,2,Auburn,SEC,34,,1635,1666,99,LSU,SEC,17,,1573,1542,,,
63196,2000,4,regular,2000-09-16T00:00:00.000Z,,false,,,,,2084,Buffalo,Mid-American,21,,825,854,41,Connecticut,FBS Independents,24,,1457,1428,,,
63197,2000,4,regular,2000-09-16T00:00:00.000Z,,false,true,,,,151,East Carolina,Conference USA,37,,1626,1642,2655,Tulane,Conference USA,17,,1312,1296,,,
63198,2000,4,regular,2000-09-16T00:00:00.000Z,,false,true,,,,2633,Tennessee,SEC,23,,1833,1825,57,Florida,SEC,27,,1812,1820,,,
63199,2000,4,regular,2000-09-16T00:00:00.000Z,,false,true,,,,52,Florida State,ACC,63,,1942,2039,153,North Carolina,ACC,14,,1575,1478,,,
63200,2000,4,regular,2000-09-16T00:00:00.000Z,,false,,,,,59,Georgia Tech,ACC,40,,1675,1716,2426,Navy,FBS Independents,13,,1417,1376,,,
63232,2000,4,regular,2000-09-16T00:00:00.000Z,,false,,,,,2649,Toledo,Mid-American,31,,,,2197,Eastern Illinois,,26,,,,,,
63240,2000,4,regular,2000-09-16T00:00:00.000Z,,false,,,,,2711,Western Michigan,Mid-American,56,,,,282,Indiana State,,0,,,,,,
63243,2000,4,regular,2000-09-16T00:00:00.000Z,,false,,,,,2309,Kent State,Mid-American,20,,,,2754,Youngstown State,,26,,,,,,
63207,2000,4,regular,2000-09-16T00:00:00.000Z,,false,,,,,2433,Louisiana Monroe,FBS Independents,27,,,,2447,Nicholls,,21,,,,,,
63210,2000,4,regular,2000-09-16T00:00:00.000Z,,false,,,,,2393,Middle Tennessee,FBS Independents,44,,,,93,Murray State,,28,,,,,,
63217,2000,4,regular,2000-09-16T00:00:00.000Z,,false,,,,,195,Ohio,Mid-American,52,,,,2635,Tennessee Tech,,14,,,,,,
63228,2000,4,regular,2000-09-16T00:00:00.000Z,,false,,,,,218,Temple,Big East,31,,1289,1329,189,Bowling Green,Mid-American,14,,1314,1274,,,
63229,2000,4,regular,2000-09-16T00:00:00.000Z,,false,,,,,245,Texas A&M,Big 12,45,,1725,1751,2638,UTEP,Western Athletic,17,,1297,1271,,,
63230,2000,4,regular,2000-09-16T00:00:00.000Z,,false,,,,,2628,TCU,Western Athletic,41,,1652,1699,77,Northwestern,Big Ten,14,,1455,1408,,,
63231,2000,4,regular,2000-09-16T00:00:00.000Z,,false,,,,,2641,Texas Tech,Big 12,26,,1529,1545,309,Louisiana,FBS Independents,0,,1049,1033,,,
63233,2000,4,regular,2000-09-16T00:00:00.000Z,,false,true,,,,242,Rice,Western Athletic,16,,1385,1361,202,Tulsa,Western Athletic,23,,1246,1270,,,
63234,2000,4,regular,2000-09-16T00:00:00.000Z,,false,,,,,26,UCLA,Pac-10,23,,1495,1501,130,Michigan,Big Ten,20,,1845,1839,,,
63235,2000,4,regular,2000-09-16T00:00:00.000Z,,false,true,,,,150,Duke,ACC,10,,1149,1144,258,Virginia,ACC,26,,1493,1498,,,
63236,2000,4,regular,2000-09-16T00:00:00.000Z,,false,true,,,,259,Virginia Tech,Big East,49,,1938,1999,164,Rutgers,Big East,0,,1285,1224,,,
63237,2000,4,regular,2000-09-16T00:00:00.000Z,,false,,,,,38,Colorado,Big 12,14,,1681,1675,264,Washington,Pac-10,17,,1652,1658,,,
63238,2000,4,regular,2000-09-16T00:00:00.000Z,,false,,,,,254,Utah,Mountain West,21,,1624,1559,265,Washington State,Pac-10,38,,1410,1475,,,
63239,2000,4,regular,2000-09-16T00:00:00.000Z,,false,,,,,277,West Virginia,Big East,30,,1628,1642,120,Maryland,ACC,17,,1488,1474,,,
63241,2000,4,regular,2000-09-16T00:00:00.000Z,,false,,,,,275,Wisconsin,Big Ten,28,,1849,1845,2132,Cincinnati,Conference USA,25,,1455,1459,,,
63242,2000,4,regular,2000-09-16T00:00:00.000Z,,false,,,,,2751,Wyoming,Mountain West,31,,1334,1372,2117,Central Michigan,Mid-American,10,,1223,1185,,,
63222,2000,4,regular,2000-09-16T00:00:00.000Z,,false,,,,,23,San José State,Western Athletic,47,,,,253,Southern Utah,,7,,,,,,
63219,2000,4,regular,2000-09-16T00:00:00.000Z,,false,,,,,197,Oklahoma State,Big 12,23,,1523,1576,326,Texas State,,0,,1494,1441,,,
63224,2000,4,regular,2000-09-16T00:00:00.000Z,,false,,,,,58,South Florida,FBS Independents,26,,,,256,James Madison,,7,,,,,,
63227,2000,4,regular,2000-09-16T00:00:00.000Z,,false,,,,,2348,Louisiana Tech,FBS Independents,31,,,,2617,Stephen F. Austin,,34,,,,,,
63244,2000,5,regular,2000-09-21T00:00:00.000Z,,false,true,,,,152,NC State,ACC,30,,1547,1567,59,Georgia Tech,ACC,23,,1716,1696,,,
63273,2000,5,regular,2000-09-23T00:00:00.000Z,,false,,,,,158,Nebraska,Big 12,42,,1949,1960,2294,Iowa,Big Ten,13,,1340,1329,,,
63272,2000,5,regular,2000-09-23T00:00:00.000Z,,false,,,,,127,Michigan State,Big Ten,27,,1727,1731,87,Notre Dame,FBS Independents,21,,1655,1651,,,
63271,2000,5,regular,2000-09-23T00:00:00.000Z,,false,true,,,,356,Illinois,Big Ten,31,,1778,1776,130,Michigan,Big Ten,35,,1839,1841,,,
63270,2000,5,regular,2000-09-23T00:00:00.000Z,,false,true,,,,193,Miami (OH),Mid-American,45,,1561,1595,2309,Kent State,Mid-American,14,,1135,1101,,,
63269,2000,5,regular,2000-09-23T00:00:00.000Z,,false,true,,,,277,West Virginia,Big East,10,,1642,1552,2390,Miami,Big East,47,,1783,1873,,,
63268,2000,5,regular,2000-09-23T00:00:00.000Z,,false,true,,,,349,Army,Conference USA,16,,1270,1271,235,Memphis,Conference USA,26,,1528,1527,,,
63267,2000,5,regular,2000-09-23T00:00:00.000Z,,false,,,,,120,Maryland,ACC,45,,1474,1479,2393,Middle Tennessee,FBS Independents,27,,1091,1086,,,
63266,2000,5,regular,2000-09-23T00:00:00.000Z,,false,,,,,2306,Kansas State,Big 12,55,,2111,2118,249,North Texas,Big West,10,,1062,1055,,,
63260,2000,5,regular,2000-09-23T00:00:00.000Z,,false,,,,,52,Florida State,ACC,31,,2039,2066,97,Louisville,Conference USA,0,,1548,1521,,,
63262,2000,5,regular,2000-09-23T00:00:00.000Z,,false,,,,,61,Georgia,SEC,37,,1615,1677,166,New Mexico State,Big West,0,,1276,1214,,,
63263,2000,5,regular,2000-09-23T00:00:00.000Z,,false,,,,,265,Washington State,Pac-10,34,,1475,1457,70,Idaho,Big West,38,,1302,1320,,,
63264,2000,5,regular,2000-09-23T00:00:00.000Z,,false,,,,,84,Indiana,Big Ten,42,,1394,1505,2132,Cincinnati,Conference USA,6,,1459,1348,,,
63256,2000,5,regular,2000-09-23T00:00:00.000Z,,false,,,,,2116,UCF,FBS Independents,52,,,,2729,William & Mary,,7,,,,,,
63265,2000,5,regular,2000-09-23T00:00:00.000Z,,false,,,,,2305,Kansas,Big 12,42,,,,79,Southern Illinois,,0,,,,,,
63275,2000,5,regular,2000-09-23T00:00:00.000Z,,false,,,,,167,New Mexico,Mountain West,35,,,,2464,Northern Arizona,,28,,,,,,
63277,2000,5,regular,2000-09-23T00:00:00.000Z,,false,,,,,41,Connecticut,FBS Independents,27,,,,111,Northeastern,,35,,,,,,
63279,2000,5,regular,2000-09-23T00:00:00.000Z,,false,,,,,309,Louisiana,FBS Independents,21,,,,2466,Northwestern State,,23,,,,,,
63297,2000,5,regular,2000-09-23T00:00:00.000Z,,false,true,,,,2711,Western Michigan,Mid-American,21,,1492,1509,2649,Toledo,Mid-American,14,,1614,1597,,,
63296,2000,5,regular,2000-09-23T00:00:00.000Z,,false,,,,,238,Vanderbilt,SEC,26,,1395,1414,150,Duke,ACC,7,,1144,1125,,,
63295,2000,5,regular,2000-09-23T00:00:00.000Z,,false,,,,,202,Tulsa,Western Athletic,22,,1270,1295,2348,Louisiana Tech,FBS Independents,10,,1303,1278,,,
63294,2000,5,regular,2000-09-23T00:00:00.000Z,,false,,,,,2567,SMU,Western Athletic,17,,1261,1238,2655,Tulane,Conference USA,29,,1296,1319,,,
63293,2000,5,regular,2000-09-23T00:00:00.000Z,,false,true,,,,2638,UTEP,Western Athletic,39,,1271,1376,62,Hawai'i,Western Athletic,7,,1403,1298,,,
63292,2000,5,regular,2000-09-23T00:00:00.000Z,,false,,,,,2628,TCU,Western Athletic,52,,1699,1774,2032,Arkansas State,Big West,3,,1159,1084,,,
63291,2000,5,regular,2000-09-23T00:00:00.000Z,,false,,,,,251,Texas,Big 12,48,,1767,1868,248,Houston,Conference USA,0,,1454,1353,,,
63290,2000,5,regular,2000-09-23T00:00:00.000Z,,false,,,,,2633,Tennessee,SEC,70,,1825,1934,2433,Louisiana Monroe,FBS Independents,3,,1108,999,,,
63289,2000,5,regular,2000-09-23T00:00:00.000Z,,false,,,,,218,Temple,Big East,49,,1329,1337,2199,Eastern Michigan,Mid-American,40,,1230,1222,,,
63288,2000,5,regular,2000-09-23T00:00:00.000Z,,false,,,,,197,Oklahoma State,Big 12,6,,1576,1538,2572,Southern Mississippi,Conference USA,28,,1741,1779,,,
63287,2000,5,regular,2000-09-23T00:00:00.000Z,,false,,,,,30,USC,Pac-10,34,,1718,1703,23,San José State,Western Athletic,24,,1228,1243,,,
63286,2000,5,regular,2000-09-23T00:00:00.000Z,,false,true,,,,2579,South Carolina,SEC,23,,1560,1567,344,Mississippi State,SEC,19,,1694,1687,,,
63285,2000,5,regular,2000-09-23T00:00:00.000Z,,false,true,,,,2509,Purdue,Big Ten,38,,1821,1838,135,Minnesota,Big Ten,24,,1689,1672,,,
63284,2000,5,regular,2000-09-23T00:00:00.000Z,,false,true,,,,221,Pittsburgh,Big East,29,,1555,1553,164,Rutgers,Big East,17,,1224,1226,,,
63283,2000,5,regular,2000-09-23T00:00:00.000Z,,false,,,,,204,Oregon State,Pac-10,35,,1597,1666,21,San Diego State,Mountain West,3,,1452,1383,,,
63282,2000,5,regular,2000-09-23T00:00:00.000Z,,false,true,,,,2483,Oregon,Pac-10,29,,1795,1810,26,UCLA,Pac-10,10,,1501,1486,,,
63281,2000,5,regular,2000-09-23T00:00:00.000Z,,false,,,,,201,Oklahoma,Big 12,42,,1823,1845,242,Rice,Western Athletic,14,,1361,1339,,,
63280,2000,5,regular,2000-09-23T00:00:00.000Z,,false,true,,,,194,Ohio State,Big Ten,45,,1727,1845,213,Penn State,Big Ten,6,,1764,1646,,,
63278,2000,5,regular,2000-09-23T00:00:00.000Z,,false,true,,,,275,Wisconsin,Big Ten,44,,1845,1811,77,Northwestern,Big Ten,47,,1408,1442,,,
63276,2000,5,regular,2000-09-23T00:00:00.000Z,,false,,,,,153,North Carolina,ACC,20,,1478,1497,276,Marshall,Mid-American,15,,1782,1763,,,
63274,2000,5,regular,2000-09-23T00:00:00.000Z,,false,,,,,2751,Wyoming,Mountain West,28,,1372,1344,2440,Nevada,Western Athletic,35,,1195,1223,,,
63259,2000,5,regular,2000-09-23T00:00:00.000Z,,false,true,,,,57,Florida,SEC,59,,1820,1863,96,Kentucky,SEC,31,,1557,1514,,,
63261,2000,5,regular,2000-09-23T00:00:00.000Z,,false,,,,,278,Fresno State,Western Athletic,17,,1521,1546,25,California,Pac-10,3,,1485,1460,,,
63250,2000,5,regular,2000-09-23T00:00:00.000Z,,false,,,,,2,Auburn,SEC,31,,1666,1672,2459,Northern Illinois,Mid-American,14,,1320,1314,,,
63245,2000,5,regular,2000-09-23T00:00:00.000Z,,false,true,,,,254,Utah,Mountain West,14,,1559,1545,2005,Air Force,Mountain West,23,,1606,1620,,,
63246,2000,5,regular,2000-09-23T00:00:00.000Z,,false,true,,,,195,Ohio,Mid-American,20,,1474,1464,2006,Akron,Mid-American,23,,1393,1403,,,
63247,2000,5,regular,2000-09-23T00:00:00.000Z,,false,,,,,99,LSU,SEC,10,,1542,1528,5,UAB,Conference USA,13,,1396,1410,,,
63248,2000,5,regular,2000-09-23T00:00:00.000Z,,false,,,,,9,Arizona State,Pac-10,44,,1521,1558,328,Utah State,Big West,20,,1314,1277,,,
63249,2000,5,regular,2000-09-23T00:00:00.000Z,,false,true,,,,8,Arkansas,SEC,28,,1692,1699,333,Alabama,SEC,21,,1643,1636,,,
63251,2000,5,regular,2000-09-23T00:00:00.000Z,,false,,,,,239,Baylor,Big 12,28,,1203,1255,58,South Florida,FBS Independents,13,,1414,1362,,,
63252,2000,5,regular,2000-09-23T00:00:00.000Z,,false,,,,,2117,Central Michigan,Mid-American,10,,1185,1127,68,Boise State,Big West,47,,1570,1628,,,
63253,2000,5,regular,2000-09-23T00:00:00.000Z,,false,,,,,103,Boston College,Big East,48,,1531,1630,2426,Navy,FBS Independents,7,,1376,1277,,,
63254,2000,5,regular,2000-09-23T00:00:00.000Z,,false,true,,,,252,BYU,Mountain West,10,,1534,1532,2439,UNLV,Mountain West,7,,1320,1322,,,
63255,2000,5,regular,2000-09-23T00:00:00.000Z,,false,true,,,,2084,Buffalo,Mid-American,20,,854,861,189,Bowling Green,Mid-American,17,,1274,1267,,,
63257,2000,5,regular,2000-09-23T00:00:00.000Z,,false,true,,,,258,Virginia,ACC,10,,1498,1482,228,Clemson,ACC,31,,1855,1871,,,
63258,2000,5,regular,2000-09-23T00:00:00.000Z,,false,,,,,151,East Carolina,Conference USA,34,,1642,1683,183,Syracuse,Big East,17,,1681,1640,,,
63298,2000,6,regular,2000-09-28T00:00:00.000Z,,false,true,,,,120,Maryland,ACC,7,,1479,1399,52,Florida State,ACC,59,,2066,2146,,,
63299,2000,6,regular,2000-09-28T00:00:00.000Z,,false,true,,,,218,Temple,Big East,24,,1337,1343,277,West Virginia,Big East,29,,1552,1546,,,
63326,2000,6,regular,2000-09-30T00:00:00.000Z,,false,true,,,,167,New Mexico,Mountain West,45,,1288,1394,2751,Wyoming,Mountain West,10,,1344,1238,,,
63312,2000,6,regular,2000-09-30T00:00:00.000Z,,false,,,,,70,Idaho,Big West,56,,,,147,Montana State,,7,,,,,,
63335,2000,6,regular,2000-09-30T00:00:00.000Z,,false,,,,,58,South Florida,FBS Independents,20,,1362,1389,2653,Troy,,10,,1491,1464,,,
63341,2000,6,regular,2000-09-30T00:00:00.000Z,,false,,,,,2433,Louisiana Monroe,FBS Independents,7,,999,994,326,Texas State,,27,,1441,1446,,,
63300,2000,6,regular,2000-09-30T00:00:00.000Z,,false,true,,,,2006,Akron,Mid-American,37,,1403,1460,193,Miami (OH),Mid-American,20,,1595,1538,,,
63301,2000,6,regular,2000-09-30T00:00:00.000Z,,false,true,,,,333,Alabama,SEC,27,,1636,1648,2579,South Carolina,SEC,17,,1567,1555,,,
63302,2000,6,regular,2000-09-30T00:00:00.000Z,,false,,,,,5,UAB,Conference USA,47,,1410,1493,309,Louisiana,FBS Independents,2,,1033,950,,,
63303,2000,6,regular,2000-09-30T00:00:00.000Z,,false,true,,,,24,Stanford,Pac-10,3,,1546,1489,12,Arizona,Pac-10,27,,1604,1661,,,
63304,2000,6,regular,2000-09-30T00:00:00.000Z,,false,true,,,,2,Auburn,SEC,33,,1672,1731,238,Vanderbilt,SEC,0,,1414,1355,,,
63305,2000,6,regular,2000-09-30T00:00:00.000Z,,false,true,,,,2309,Kent State,Mid-American,11,,1101,1100,189,Bowling Green,Mid-American,18,,1267,1268,,,
63306,2000,6,regular,2000-09-30T00:00:00.000Z,,false,,,,,2199,Eastern Michigan,Mid-American,10,,1222,1192,2116,UCF,FBS Independents,31,,1436,1466,,,
63307,2000,6,regular,2000-09-30T00:00:00.000Z,,false,true,,,,150,Duke,ACC,22,,1125,1125,228,Clemson,ACC,52,,1871,1871,,,
63308,2000,6,regular,2000-09-30T00:00:00.000Z,,false,,,,,2440,Nevada,Western Athletic,14,,1223,1182,36,Colorado State,Mountain West,45,,1602,1643,,,
63309,2000,6,regular,2000-09-30T00:00:00.000Z,,false,true,,,,8,Arkansas,SEC,7,,1699,1608,61,Georgia,SEC,38,,1677,1768,,,
63310,2000,6,regular,2000-09-30T00:00:00.000Z,,false,true,,,,153,North Carolina,ACC,28,,1497,1484,59,Georgia Tech,ACC,42,,1696,1709,,,
63311,2000,6,regular,2000-09-30T00:00:00.000Z,,false,,,,,248,Houston,Conference USA,17,,1353,1352,2567,SMU,Western Athletic,15,,1238,1239,,,
63313,2000,6,regular,2000-09-30T00:00:00.000Z,,false,true,,,,84,Indiana,Big Ten,45,,1505,1514,2294,Iowa,Big Ten,33,,1329,1320,,,
63314,2000,6,regular,2000-09-30T00:00:00.000Z,,false,true,,,,239,Baylor,Big 12,17,,1255,1245,66,Iowa State,Big 12,31,,1491,1501,,,
63315,2000,6,regular,2000-09-30T00:00:00.000Z,,false,true,,,,38,Colorado,Big 12,21,,1675,1663,2306,Kansas State,Big 12,44,,2118,2130,,,
63316,2000,6,regular,2000-09-30T00:00:00.000Z,,false,true,,,,99,LSU,SEC,38,,1528,1563,2633,Tennessee,SEC,31,,1934,1899,,,
63317,2000,6,regular,2000-09-30T00:00:00.000Z,,false,,,,,97,Louisville,Conference USA,41,,1521,1555,41,Connecticut,FBS Independents,22,,1428,1394,,,
63318,2000,6,regular,2000-09-30T00:00:00.000Z,,false,true,,,,276,Marshall,Mid-American,47,,1763,1756,2084,Buffalo,Mid-American,14,,861,868,,,
63319,2000,6,regular,2000-09-30T00:00:00.000Z,,false,true,,,,164,Rutgers,Big East,6,,1226,1135,2390,Miami,Big East,64,,1873,1964,,,
63320,2000,6,regular,2000-09-30T00:00:00.000Z,,false,true,,,,130,Michigan,Big Ten,13,,1841,1842,275,Wisconsin,Big Ten,10,,1811,1810,,,
63321,2000,6,regular,2000-09-30T00:00:00.000Z,,false,true,,,,135,Minnesota,Big Ten,44,,1672,1781,356,Illinois,Big Ten,10,,1776,1667,,,
63322,2000,6,regular,2000-09-30T00:00:00.000Z,,false,true,,,,145,Ole Miss,SEC,35,,1654,1681,96,Kentucky,SEC,17,,1514,1487,,,
63323,2000,6,regular,2000-09-30T00:00:00.000Z,,false,true,,,,344,Mississippi State,SEC,47,,1687,1724,57,Florida,SEC,35,,1863,1826,,,
63324,2000,6,regular,2000-09-30T00:00:00.000Z,,false,true,,,,158,Nebraska,Big 12,42,,1960,1941,142,Missouri,Big 12,24,,1258,1277,,,
63325,2000,6,regular,2000-09-30T00:00:00.000Z,,false,true,,,,2439,UNLV,Mountain West,34,,1322,1407,2005,Air Force,Mountain West,13,,1620,1535,,,
63327,2000,6,regular,2000-09-30T00:00:00.000Z,,false,true,,,,2050,Ball State,Mid-American,14,,1056,1007,2459,Northern Illinois,Mid-American,43,,1314,1363,,,
63328,2000,6,regular,2000-09-30T00:00:00.000Z,,false,true,,,,127,Michigan State,Big Ten,17,,1731,1645,77,Northwestern,Big Ten,37,,1442,1528,,,
63329,2000,6,regular,2000-09-30T00:00:00.000Z,,false,true,,,,201,Oklahoma,Big 12,34,,1845,1845,2305,Kansas,Big 12,16,,1392,1392,,,
63330,2000,6,regular,2000-09-30T00:00:00.000Z,,false,true,,,,2483,Oregon,Pac-10,23,,1810,1811,264,Washington,Pac-10,16,,1658,1657,,,
63331,2000,6,regular,2000-09-30T00:00:00.000Z,,false,true,,,,204,Oregon State,Pac-10,31,,1666,1686,30,USC,Pac-10,21,,1703,1683,,,
63332,2000,6,regular,2000-09-30T00:00:00.000Z,,false,true,,,,213,Penn State,Big Ten,22,,1646,1649,2509,Purdue,Big Ten,20,,1838,1835,,,
63334,2000,6,regular,2000-09-30T00:00:00.000Z,,false,true,,,,23,San José State,Western Athletic,29,,1243,1277,242,Rice,Western Athletic,16,,1339,1305,,,
63351,2000,6,regular,2000-09-30T00:00:00.000Z,,false,true,,,,2711,Western Michigan,Mid-American,23,,1509,1531,195,Ohio,Mid-American,10,,1464,1442,,,
63347,2000,6,regular,2000-09-30T00:00:00.000Z,,false,,,,,328,Utah State,Big West,14,,1277,1252,254,Utah,Mountain West,35,,1545,1570,,,
63348,2000,6,regular,2000-09-30T00:00:00.000Z,,false,true,,,,154,Wake Forest,ACC,10,,1383,1352,258,Virginia,ACC,27,,1482,1513,,,
63349,2000,6,regular,2000-09-30T00:00:00.000Z,,false,true,,,,103,Boston College,Big East,34,,1630,1632,259,Virginia Tech,Big East,48,,1999,1997,,,
63350,2000,6,regular,2000-09-30T00:00:00.000Z,,false,true,,,,25,California,Pac-10,17,,1460,1453,265,Washington State,Pac-10,21,,1457,1464,,,
63333,2000,6,regular,2000-09-30T00:00:00.000Z,,false,,,,,2032,Arkansas State,Big West,27,,,,257,Richmond,,30,,,,,,
63336,2000,6,regular,2000-09-30T00:00:00.000Z,,false,true,,,,2572,Southern Mississippi,Conference USA,24,,1779,1803,235,Memphis,Conference USA,3,,1527,1503,,,
63337,2000,6,regular,2000-09-30T00:00:00.000Z,,false,,,,,183,Syracuse,Big East,42,,1640,1700,252,BYU,Mountain West,14,,1532,1472,,,
63338,2000,6,regular,2000-09-30T00:00:00.000Z,,false,true,,,,251,Texas,Big 12,42,,1868,1925,197,Oklahoma State,Big 12,7,,1538,1481,,,
63339,2000,6,regular,2000-09-30T00:00:00.000Z,,false,true,,,,245,Texas A&M,Big 12,33,,1751,1772,2641,Texas Tech,Big 12,15,,1545,1524,,,
63340,2000,6,regular,2000-09-30T00:00:00.000Z,,false,,,,,2426,Navy,FBS Independents,0,,1277,1267,2628,TCU,Western Athletic,24,,1774,1784,,,
63342,2000,6,regular,2000-09-30T00:00:00.000Z,,false,,,,,2638,UTEP,Western Athletic,41,,1376,1382,166,New Mexico State,Big West,31,,1214,1208,,,
63343,2000,6,regular,2000-09-30T00:00:00.000Z,,false,true,,,,2649,Toledo,Mid-American,41,,1597,1655,2117,Central Michigan,Mid-American,0,,1127,1069,,,
63344,2000,6,regular,2000-09-30T00:00:00.000Z,,false,true,,,,2655,Tulane,Conference USA,24,,1319,1325,2132,Cincinnati,Conference USA,19,,1348,1342,,,
63345,2000,6,regular,2000-09-30T00:00:00.000Z,,false,true,,,,62,Hawai'i,Western Athletic,14,,1298,1277,202,Tulsa,Western Athletic,24,,1295,1316,,,
63346,2000,6,regular,2000-09-30T00:00:00.000Z,,false,true,,,,26,UCLA,Pac-10,38,,1486,1500,9,Arizona State,Pac-10,31,,1558,1544,,,
63353,2000,7,regular,2000-10-05T00:00:00.000Z,,false,,,,,249,North Texas,Big West,41,,,,2535,Samford,,6,,,,,,
63352,2000,7,regular,2000-10-05T00:00:00.000Z,,false,true,,,,242,Rice,Western Athletic,24,,1305,1314,278,Fresno State,Western Athletic,27,,1546,1537,,,
63354,2000,7,regular,2000-10-05T00:00:00.000Z,,false,true,,,,276,Marshall,Mid-American,10,,1756,1678,2711,Western Michigan,Mid-American,30,,1531,1609,,,
63355,2000,7,regular,2000-10-06T00:00:00.000Z,,false,,,,,252,BYU,Mountain West,38,,1472,1508,328,Utah State,Big West,14,,1252,1216,,,
63378,2000,7,regular,2000-10-07T00:00:00.000Z,,false,true,,,,344,Mississippi State,SEC,17,,1724,1734,2,Auburn,SEC,10,,1731,1721,,,
63356,2000,7,regular,2000-10-07T00:00:00.000Z,,false,,,,,2005,Air Force,Mountain West,27,,1535,1541,2426,Navy,FBS Independents,13,,1267,1261,,,
63357,2000,7,regular,2000-10-07T00:00:00.000Z,,false,true,,,,189,Bowling Green,Mid-American,21,,1268,1271,2006,Akron,Mid-American,27,,1460,1457,,,
63358,2000,7,regular,2000-10-07T00:00:00.000Z,,false,true,,,,30,USC,Pac-10,15,,1683,1643,12,Arizona,Pac-10,31,,1661,1701,,,
63359,2000,7,regular,2000-10-07T00:00:00.000Z,,false,true,,,,9,Arizona State,Pac-10,30,,1544,1581,25,California,Pac-10,10,,1453,1416,,,
63360,2000,7,regular,2000-10-07T00:00:00.000Z,,false,,,,,8,Arkansas,SEC,52,,1608,1664,2433,Louisiana Monroe,FBS Independents,6,,994,938,,,
63361,2000,7,regular,2000-10-07T00:00:00.000Z,,false,true,,,,193,Miami (OH),Mid-American,10,,1538,1486,2050,Ball State,Mid-American,15,,1007,1059,,,
63362,2000,7,regular,2000-10-07T00:00:00.000Z,,false,,,,,103,Boston College,Big East,55,,1632,1758,41,Connecticut,FBS Independents,3,,1394,1268,,,
63363,2000,7,regular,2000-10-07T00:00:00.000Z,,false,true,,,,2132,Cincinnati,Conference USA,48,,1342,1380,248,Houston,Conference USA,31,,1352,1314,,,
63364,2000,7,regular,2000-10-07T00:00:00.000Z,,false,true,,,,228,Clemson,ACC,34,,1871,1864,152,NC State,ACC,27,,1567,1574,,,
63365,2000,7,regular,2000-10-07T00:00:00.000Z,,false,true,,,,245,Texas A&M,Big 12,19,,1772,1750,38,Colorado,Big 12,26,,1663,1685,,,
63366,2000,7,regular,2000-10-07T00:00:00.000Z,,false,true,,,,36,Colorado State,Mountain West,17,,1643,1641,167,New Mexico,Mountain West,14,,1394,1396,,,
63367,2000,7,regular,2000-10-07T00:00:00.000Z,,false,true,,,,57,Florida,SEC,41,,1826,1881,99,LSU,SEC,9,,1563,1508,,,
63368,2000,7,regular,2000-10-07T00:00:00.000Z,,false,true,,,,61,Georgia,SEC,21,,1768,1798,2633,Tennessee,SEC,10,,1899,1869,,,
63369,2000,7,regular,2000-10-07T00:00:00.000Z,,false,true,,,,2294,Iowa,Big Ten,21,,1320,1340,127,Michigan State,Big Ten,16,,1645,1625,,,
63370,2000,7,regular,2000-10-07T00:00:00.000Z,,false,true,,,,2305,Kansas,Big 12,13,,1392,1368,2306,Kansas State,Big 12,52,,2130,2154,,,
63371,2000,7,regular,2000-10-07T00:00:00.000Z,,false,true,,,,2117,Central Michigan,Mid-American,21,,1069,1066,2309,Kent State,Mid-American,24,,1100,1103,,,
63372,2000,7,regular,2000-10-07T00:00:00.000Z,,false,true,,,,5,UAB,Conference USA,17,,1493,1446,97,Louisville,Conference USA,38,,1555,1602,,,
63373,2000,7,regular,2000-10-07T00:00:00.000Z,,false,true,,,,235,Memphis,Conference USA,17,,1503,1523,151,East Carolina,Conference USA,10,,1683,1663,,,
63374,2000,7,regular,2000-10-07T00:00:00.000Z,,false,,,,,2390,Miami,Big East,27,,1964,1967,52,Florida State,ACC,24,,2146,2143,,,
63375,2000,7,regular,2000-10-07T00:00:00.000Z,,false,true,,,,2393,Middle Tennessee,FBS Independents,49,,1086,1184,2348,Louisiana Tech,FBS Independents,21,,1278,1180,,,
63376,2000,7,regular,2000-10-07T00:00:00.000Z,,false,true,,,,135,Minnesota,Big Ten,25,,1781,1787,213,Penn State,Big Ten,16,,1649,1643,,,
63377,2000,7,regular,2000-10-07T00:00:00.000Z,,false,,,,,145,Ole Miss,SEC,35,,1681,1683,2032,Arkansas State,Big West,10,,1084,1082,,,
63379,2000,7,regular,2000-10-07T00:00:00.000Z,,false,true,,,,142,Missouri,Big 12,24,,1277,1324,197,Oklahoma State,Big 12,10,,1481,1434,,,
63380,2000,7,regular,2000-10-07T00:00:00.000Z,,false,true,,,,66,Iowa State,Big 12,27,,1501,1491,158,Nebraska,Big 12,49,,1941,1951,,,
63381,2000,7,regular,2000-10-07T00:00:00.000Z,,false,,,,,2439,UNLV,Mountain West,38,,1407,1463,2440,Nevada,Western Athletic,7,,1182,1126,,,
63382,2000,7,regular,2000-10-07T00:00:00.000Z,,false,,,,,166,New Mexico State,Big West,42,,1208,1258,349,Army,Conference USA,23,,1271,1221,,,
63383,2000,7,regular,2000-10-07T00:00:00.000Z,,false,,,,,2459,Northern Illinois,Mid-American,40,,1363,1421,2116,UCF,FBS Independents,20,,1466,1408,,,
63384,2000,7,regular,2000-10-07T00:00:00.000Z,,false,true,,,,77,Northwestern,Big Ten,52,,1528,1570,84,Indiana,Big Ten,33,,1514,1472,,,
63385,2000,7,regular,2000-10-07T00:00:00.000Z,,false,,,,,87,Notre Dame,FBS Independents,20,,1651,1650,24,Stanford,Pac-10,14,,1489,1490,,,
63386,2000,7,regular,2000-10-07T00:00:00.000Z,,false,true,,,,195,Ohio,Mid-American,42,,1442,1440,2084,Buffalo,Mid-American,20,,868,870,,,
63387,2000,7,regular,2000-10-07T00:00:00.000Z,,false,true,,,,275,Wisconsin,Big Ten,7,,1810,1776,194,Ohio State,Big Ten,23,,1845,1879,,,
63388,2000,7,regular,2000-10-07T00:00:00.000Z,,false,true,,,,201,Oklahoma,Big 12,63,,1845,2010,251,Texas,Big 12,14,,1925,1760,,,
63389,2000,7,regular,2000-10-07T00:00:00.000Z,,false,true,,,,2509,Purdue,Big Ten,32,,1835,1836,130,Michigan,Big Ten,31,,1842,1841,,,
63390,2000,7,regular,2000-10-07T00:00:00.000Z,,false,true,,,,2751,Wyoming,Mountain West,0,,1238,1159,21,San Diego State,Mountain West,34,,1383,1462,,,
63391,2000,7,regular,2000-10-07T00:00:00.000Z,,false,true,,,,2567,SMU,Western Athletic,10,,1239,1177,23,San José State,Western Athletic,35,,1277,1339,,,
63392,2000,7,regular,2000-10-07T00:00:00.000Z,,false,true,,,,96,Kentucky,SEC,17,,1487,1487,2579,South Carolina,SEC,20,,1555,1555,,,
63393,2000,7,regular,2000-10-07T00:00:00.000Z,,false,,,,,2572,Southern Mississippi,Conference USA,41,,1803,1847,58,South Florida,FBS Independents,7,,1389,1345,,,
63394,2000,7,regular,2000-10-07T00:00:00.000Z,,false,true,,,,183,Syracuse,Big East,24,,1700,1701,221,Pittsburgh,Big East,17,,1553,1552,,,
63395,2000,7,regular,2000-10-07T00:00:00.000Z,,false,true,,,,2628,TCU,Western Athletic,41,,1784,1783,62,Hawai'i,Western Athletic,21,,1277,1278,,,
63396,2000,7,regular,2000-10-07T00:00:00.000Z,,false,true,,,,2641,Texas Tech,Big 12,28,,1524,1565,239,Baylor,Big 12,0,,1245,1204,,,
63397,2000,7,regular,2000-10-07T00:00:00.000Z,,false,true,,,,202,Tulsa,Western Athletic,7,,1316,1230,2638,UTEP,Western Athletic,40,,1382,1468,,,
63398,2000,7,regular,2000-10-07T00:00:00.000Z,,false,true,,,,2199,Eastern Michigan,Mid-American,14,,1192,1169,2649,Toledo,Mid-American,42,,1655,1678,,,
63399,2000,7,regular,2000-10-07T00:00:00.000Z,,false,,,,,309,Louisiana,FBS Independents,37,,950,965,2655,Tulane,Conference USA,38,,1325,1310,,,
63400,2000,7,regular,2000-10-07T00:00:00.000Z,,false,,,,,154,Wake Forest,ACC,10,,1352,1339,238,Vanderbilt,SEC,17,,1355,1368,,,
63401,2000,7,regular,2000-10-07T00:00:00.000Z,,false,true,,,,258,Virginia,ACC,31,,1513,1518,120,Maryland,ACC,23,,1399,1394,,,
63402,2000,7,regular,2000-10-07T00:00:00.000Z,,false,true,,,,259,Virginia Tech,Big East,35,,1997,1988,218,Temple,Big East,13,,1343,1352,,,
63403,2000,7,regular,2000-10-07T00:00:00.000Z,,false,true,,,,264,Washington,Pac-10,33,,1657,1658,204,Oregon State,Pac-10,30,,1686,1685,,,
63404,2000,7,regular,2000-10-07T00:00:00.000Z,,false,,,,,265,Washington State,Pac-10,42,,1464,1483,68,Boise State,Big West,35,,1628,1609,,,
63405,2000,7,regular,2000-10-07T00:00:00.000Z,,false,,,,,277,West Virginia,Big East,28,,1546,1551,70,Idaho,Big West,16,,1320,1315,,,
63406,2000,8,regular,2000-10-12T00:00:00.000Z,,false,true,,,,259,Virginia Tech,Big East,48,,1988,2013,277,West Virginia,Big East,20,,1551,1526,,,
63415,2000,8,regular,2000-10-14T00:00:00.000Z,,false,,,,,2116,UCF,FBS Independents,34,,,,2198,Eastern Kentucky,,3,,,,,,
63423,2000,8,regular,2000-10-14T00:00:00.000Z,,false,true,,,,59,Georgia Tech,ACC,52,,1709,1752,154,Wake Forest,ACC,20,,1339,1296,,,
63443,2000,8,regular,2000-10-14T00:00:00.000Z,,false,true,,,,30,USC,Pac-10,17,,1643,1634,2483,Oregon,Pac-10,28,,1811,1820,,,
63444,2000,8,regular,2000-10-14T00:00:00.000Z,,false,true,,,,204,Oregon State,Pac-10,38,,1685,1748,24,Stanford,Pac-10,6,,1490,1427,,,
63445,2000,8,regular,2000-10-14T00:00:00.000Z,,false,true,,,,77,Northwestern,Big Ten,28,,1570,1565,2509,Purdue,Big Ten,41,,1836,1841,,,
63446,2000,8,regular,2000-10-14T00:00:00.000Z,,false,true,,,,2579,South Carolina,SEC,27,,1555,1613,8,Arkansas,SEC,7,,1664,1606,,,
63447,2000,8,regular,2000-10-14T00:00:00.000Z,,false,true,,,,2655,Tulane,Conference USA,24,,1310,1284,2572,Southern Mississippi,Conference USA,56,,1847,1873,,,
63448,2000,8,regular,2000-10-14T00:00:00.000Z,,false,true,,,,164,Rutgers,Big East,14,,1135,1065,218,Temple,Big East,48,,1352,1422,,,
63449,2000,8,regular,2000-10-14T00:00:00.000Z,,false,true,,,,38,Colorado,Big 12,14,,1685,1660,251,Texas,Big 12,28,,1760,1785,,,
63450,2000,8,regular,2000-10-14T00:00:00.000Z,,false,true,,,,239,Baylor,Big 12,0,,1204,1199,245,Texas A&M,Big 12,24,,1750,1755,,,
63451,2000,8,regular,2000-10-14T00:00:00.000Z,,false,true,,,,23,San José State,Western Athletic,30,,1339,1311,2638,UTEP,Western Athletic,47,,1468,1496,,,
63452,2000,8,regular,2000-10-14T00:00:00.000Z,,false,true,,,,2649,Toledo,Mid-American,42,,1678,1802,276,Marshall,Mid-American,0,,1678,1554,,,
63453,2000,8,regular,2000-10-14T00:00:00.000Z,,false,true,,,,21,San Diego State,Mountain West,7,,1462,1440,254,Utah,Mountain West,21,,1570,1592,,,
63454,2000,8,regular,2000-10-14T00:00:00.000Z,,false,true,,,,249,North Texas,Big West,12,,1055,1057,328,Utah State,Big West,17,,1216,1214,,,
63455,2000,8,regular,2000-10-14T00:00:00.000Z,,false,true,,,,9,Arizona State,Pac-10,15,,1581,1576,264,Washington,Pac-10,21,,1658,1663,,,
63456,2000,8,regular,2000-10-14T00:00:00.000Z,,false,true,,,,127,Michigan State,Big Ten,10,,1625,1623,275,Wisconsin,Big Ten,17,,1776,1778,,,
63428,2000,8,regular,2000-10-14T00:00:00.000Z,,false,true,,,,142,Missouri,Big 12,17,,1324,1275,2305,Kansas,Big 12,38,,1368,1417,,,
63430,2000,8,regular,2000-10-14T00:00:00.000Z,,false,true,,,,2348,Louisiana Tech,FBS Independents,48,,1180,1247,309,Louisiana,FBS Independents,14,,965,898,,,
63431,2000,8,regular,2000-10-14T00:00:00.000Z,,false,true,,,,97,Louisville,Conference USA,38,,1602,1612,2132,Cincinnati,Conference USA,24,,1380,1370,,,
63432,2000,8,regular,2000-10-14T00:00:00.000Z,,false,true,,,,193,Miami (OH),Mid-American,24,,1486,1496,189,Bowling Green,Mid-American,10,,1271,1261,,,
63433,2000,8,regular,2000-10-14T00:00:00.000Z,,false,true,,,,130,Michigan,Big Ten,58,,1841,1969,84,Indiana,Big Ten,0,,1472,1344,,,
63436,2000,8,regular,2000-10-14T00:00:00.000Z,,false,true,,,,2641,Texas Tech,Big 12,3,,1565,1454,158,Nebraska,Big 12,56,,1951,2062,,,
63429,2000,8,regular,2000-10-14T00:00:00.000Z,,false,true,,,,99,LSU,SEC,34,,1508,1600,96,Kentucky,SEC,0,,1487,1395,,,
63426,2000,8,regular,2000-10-14T00:00:00.000Z,,false,true,,,,356,Illinois,Big Ten,31,,1667,1712,2294,Iowa,Big Ten,0,,1340,1295,,,
63427,2000,8,regular,2000-10-14T00:00:00.000Z,,false,true,,,,197,Oklahoma State,Big 12,26,,1434,1425,66,Iowa State,Big 12,33,,1491,1500,,,
63412,2000,8,regular,2000-10-14T00:00:00.000Z,,false,,,,,68,Boise State,Big West,41,,,,331,Eastern Washington,,23,,,,,,
63407,2000,8,regular,2000-10-14T00:00:00.000Z,,false,true,,,,2751,Wyoming,Mountain West,34,,1159,1155,2005,Air Force,Mountain West,51,,1541,1545,,,
63408,2000,8,regular,2000-10-14T00:00:00.000Z,,false,true,,,,333,Alabama,SEC,45,,1648,1762,145,Ole Miss,SEC,7,,1683,1569,,,
63409,2000,8,regular,2000-10-14T00:00:00.000Z,,false,true,,,,5,UAB,Conference USA,13,,1446,1451,235,Memphis,Conference USA,9,,1523,1518,,,
63410,2000,8,regular,2000-10-14T00:00:00.000Z,,false,true,,,,12,Arizona,Pac-10,53,,1701,1698,265,Washington State,Pac-10,47,,1483,1486,,,
63411,2000,8,regular,2000-10-14T00:00:00.000Z,,false,true,,,,2050,Ball State,Mid-American,33,,1059,1114,2199,Eastern Michigan,Mid-American,14,,1169,1114,,,
63413,2000,8,regular,2000-10-14T00:00:00.000Z,,false,true,,,,103,Boston College,Big East,20,,1758,1764,183,Syracuse,Big East,13,,1701,1695,,,
63414,2000,8,regular,2000-10-14T00:00:00.000Z,,false,true,,,,25,California,Pac-10,46,,1416,1433,26,UCLA,Pac-10,38,,1500,1483,,,
63416,2000,8,regular,2000-10-14T00:00:00.000Z,,false,true,,,,228,Clemson,ACC,35,,1864,1869,120,Maryland,ACC,14,,1394,1389,,,
63417,2000,8,regular,2000-10-14T00:00:00.000Z,,false,true,,,,36,Colorado State,Mountain West,20,,1641,1636,2439,UNLV,Mountain West,19,,1463,1468,,,
63418,2000,8,regular,2000-10-14T00:00:00.000Z,,false,true,,,,151,East Carolina,Conference USA,42,,1663,1670,349,Army,Conference USA,21,,1221,1214,,,
63419,2000,8,regular,2000-10-14T00:00:00.000Z,,false,true,,,,57,Florida,SEC,38,,1881,1945,2,Auburn,SEC,7,,1721,1657,,,
63420,2000,8,regular,2000-10-14T00:00:00.000Z,,false,true,,,,52,Florida State,ACC,63,,2143,2163,150,Duke,ACC,14,,1125,1105,,,
63421,2000,8,regular,2000-10-14T00:00:00.000Z,,false,true,,,,278,Fresno State,Western Athletic,58,,1537,1590,2440,Nevada,Western Athletic,21,,1126,1073,,,
63422,2000,8,regular,2000-10-14T00:00:00.000Z,,false,true,,,,61,Georgia,SEC,29,,1798,1787,238,Vanderbilt,SEC,19,,1368,1379,,,
63424,2000,8,regular,2000-10-14T00:00:00.000Z,,false,true,,,,62,Hawai'i,Western Athletic,30,,1278,1300,2567,SMU,Western Athletic,15,,1177,1155,,,
63425,2000,8,regular,2000-10-14T00:00:00.000Z,,false,true,,,,70,Idaho,Big West,42,,1315,1331,2032,Arkansas State,Big West,25,,1082,1066,,,
63437,2000,8,regular,2000-10-14T00:00:00.000Z,,false,,,,,166,New Mexico State,Big West,42,,1258,1284,202,Tulsa,Western Athletic,28,,1230,1204,,,
63438,2000,8,regular,2000-10-14T00:00:00.000Z,,false,true,,,,153,North Carolina,ACC,20,,1484,1449,152,NC State,ACC,38,,1574,1609,,,
63439,2000,8,regular,2000-10-14T00:00:00.000Z,,false,true,,,,2006,Akron,Mid-American,35,,1457,1412,2459,Northern Illinois,Mid-American,52,,1421,1466,,,
63440,2000,8,regular,2000-10-14T00:00:00.000Z,,false,true,,,,87,Notre Dame,FBS Independents,45,,1650,1688,2426,Navy,FBS Independents,14,,1261,1223,,,
63441,2000,8,regular,2000-10-14T00:00:00.000Z,,false,true,,,,2309,Kent State,Mid-American,7,,1103,1039,195,Ohio,Mid-American,44,,1440,1504,,,
63442,2000,8,regular,2000-10-14T00:00:00.000Z,,false,true,,,,2306,Kansas State,Big 12,31,,2154,2120,201,Oklahoma,Big 12,41,,2010,2044,,,
63435,2000,8,regular,2000-10-14T00:00:00.000Z,,false,true,,,,194,Ohio State,Big Ten,17,,1879,1844,135,Minnesota,Big Ten,29,,1787,1822,,,
63434,2000,8,regular,2000-10-14T00:00:00.000Z,,false,true,,,,2393,Middle Tennessee,FBS Independents,28,,1184,1229,2433,Louisiana Monroe,FBS Independents,0,,938,893,,,
63457,2000,9,regular,2000-10-19T00:00:00.000Z,,false,true,,,,97,Louisville,Conference USA,25,,1612,1611,151,East Carolina,Conference USA,28,,1670,1671,,,
63495,2000,9,regular,2000-10-21T00:00:00.000Z,,false,true,,,,252,BYU,Mountain West,15,,1508,1503,21,San Diego State,Mountain West,16,,1440,1445,,,
63500,2000,9,regular,2000-10-21T00:00:00.000Z,,false,true,,,,2633,Tennessee,SEC,20,,1869,1879,333,Alabama,SEC,10,,1762,1752,,,
63477,2000,9,regular,2000-10-21T00:00:00.000Z,,false,true,,,,276,Marshall,Mid-American,34,,1554,1557,2309,Kent State,Mid-American,12,,1039,1036,,,
63481,2000,9,regular,2000-10-21T00:00:00.000Z,,false,true,,,,158,Nebraska,Big 12,59,,2062,2127,239,Baylor,Big 12,0,,1199,1134,,,
63489,2000,9,regular,2000-10-21T00:00:00.000Z,,false,true,,,,26,UCLA,Pac-10,38,,1483,1491,204,Oregon State,Pac-10,44,,1748,1740,,,
63491,2000,9,regular,2000-10-21T00:00:00.000Z,,false,true,,,,221,Pittsburgh,Big East,42,,1552,1607,103,Boston College,Big East,26,,1764,1709,,,
63492,2000,9,regular,2000-10-21T00:00:00.000Z,,false,true,,,,275,Wisconsin,Big Ten,24,,1778,1772,2509,Purdue,Big Ten,30,,1841,1847,,,
63496,2000,9,regular,2000-10-21T00:00:00.000Z,,false,true,,,,2440,Nevada,Western Athletic,30,,1073,1051,23,San José State,Western Athletic,49,,1311,1333,,,
63476,2000,9,regular,2000-10-21T00:00:00.000Z,,false,true,,,,99,LSU,SEC,45,,1600,1617,344,Mississippi State,SEC,38,,1734,1717,,,
63478,2000,9,regular,2000-10-21T00:00:00.000Z,,false,true,,,,120,Maryland,ACC,37,,1389,1458,154,Wake Forest,ACC,7,,1296,1227,,,
63479,2000,9,regular,2000-10-21T00:00:00.000Z,,false,true,,,,218,Temple,Big East,17,,1422,1407,2390,Miami,Big East,45,,1967,1982,,,
63480,2000,9,regular,2000-10-21T00:00:00.000Z,,false,true,,,,130,Michigan,Big Ten,14,,1969,1969,127,Michigan State,Big Ten,0,,1623,1623,,,
63482,2000,9,regular,2000-10-21T00:00:00.000Z,,false,true,,,,2439,UNLV,Mountain West,42,,1468,1482,2751,Wyoming,Mountain West,23,,1155,1141,,,
63497,2000,9,regular,2000-10-21T00:00:00.000Z,,false,true,,,,238,Vanderbilt,SEC,14,,1379,1364,2579,South Carolina,SEC,30,,1613,1628,,,
63483,2000,9,regular,2000-10-21T00:00:00.000Z,,false,true,,,,2005,Air Force,Mountain West,23,,1545,1523,167,New Mexico,Mountain West,29,,1396,1418,,,
63484,2000,9,regular,2000-10-21T00:00:00.000Z,,false,true,,,,2032,Arkansas State,Big West,29,,1066,1071,166,New Mexico State,Big West,35,,1284,1279,,,
63486,2000,9,regular,2000-10-21T00:00:00.000Z,,false,true,,,,195,Ohio,Mid-American,52,,1504,1592,2117,Central Michigan,Mid-American,3,,1066,978,,,
63487,2000,9,regular,2000-10-21T00:00:00.000Z,,false,true,,,,2294,Iowa,Big Ten,10,,1295,1280,194,Ohio State,Big Ten,38,,1844,1859,,,
63488,2000,9,regular,2000-10-21T00:00:00.000Z,,false,true,,,,2483,Oregon,Pac-10,14,,1820,1819,12,Arizona,Pac-10,10,,1698,1699,,,
63490,2000,9,regular,2000-10-21T00:00:00.000Z,,false,true,,,,213,Penn State,Big Ten,39,,1643,1677,356,Illinois,Big Ten,25,,1712,1678,,,
63493,2000,9,regular,2000-10-21T00:00:00.000Z,,false,true,,,,242,Rice,Western Athletic,38,,1314,1376,62,Hawai'i,Western Athletic,13,,1300,1238,,,
63494,2000,9,regular,2000-10-21T00:00:00.000Z,,false,,,,,2426,Navy,FBS Independents,21,,1223,1197,164,Rutgers,Big East,28,,1065,1091,,,
63503,2000,9,regular,2000-10-21T00:00:00.000Z,,false,true,,,,202,Tulsa,Western Athletic,3,,1204,1222,2628,TCU,Western Athletic,17,,1783,1765,,,
63504,2000,9,regular,2000-10-21T00:00:00.000Z,,false,true,,,,2638,UTEP,Western Athletic,23,,1496,1520,278,Fresno State,Western Athletic,13,,1590,1566,,,
63505,2000,9,regular,2000-10-21T00:00:00.000Z,,false,true,,,,328,Utah State,Big West,31,,1214,1263,70,Idaho,Big West,14,,1331,1282,,,
63506,2000,9,regular,2000-10-21T00:00:00.000Z,,false,true,,,,183,Syracuse,Big East,14,,1695,1704,259,Virginia Tech,Big East,22,,2013,2004,,,
63507,2000,9,regular,2000-10-21T00:00:00.000Z,,false,true,,,,264,Washington,Pac-10,36,,1663,1668,25,California,Pac-10,24,,1433,1428,,,
63508,2000,9,regular,2000-10-21T00:00:00.000Z,,false,true,,,,2711,Western Michigan,Mid-American,52,,1609,1672,2459,Northern Illinois,Mid-American,22,,1466,1403,,,
63485,2000,9,regular,2000-10-21T00:00:00.000Z,,false,,,,,277,West Virginia,Big East,28,,1526,1509,87,Notre Dame,FBS Independents,42,,1688,1705,,,
63458,2000,9,regular,2000-10-21T00:00:00.000Z,,false,,,,,5,UAB,Conference USA,14,,1451,1447,2393,Middle Tennessee,FBS Independents,9,,1229,1233,,,
63459,2000,9,regular,2000-10-21T00:00:00.000Z,,false,true,,,,265,Washington State,Pac-10,20,,1486,1487,9,Arizona State,Pac-10,23,,1576,1575,,,
63460,2000,9,regular,2000-10-21T00:00:00.000Z,,false,true,,,,349,Army,Conference USA,21,,1214,1219,2655,Tulane,Conference USA,17,,1284,1279,,,
63461,2000,9,regular,2000-10-21T00:00:00.000Z,,false,,,,,2,Auburn,SEC,38,,1657,1647,2348,Louisiana Tech,FBS Independents,28,,1247,1257,,,
63462,2000,9,regular,2000-10-21T00:00:00.000Z,,false,true,,,,2084,Buffalo,Mid-American,35,,870,871,2050,Ball State,Mid-American,44,,1114,1113,,,
63463,2000,9,regular,2000-10-21T00:00:00.000Z,,false,true,,,,68,Boise State,Big West,59,,1609,1714,249,North Texas,Big West,0,,1057,952,,,
63464,2000,9,regular,2000-10-21T00:00:00.000Z,,false,true,,,,189,Bowling Green,Mid-American,20,,1261,1277,2199,Eastern Michigan,Mid-American,6,,1114,1098,,,
63465,2000,9,regular,2000-10-21T00:00:00.000Z,,false,true,,,,2116,UCF,FBS Independents,55,,1408,1505,2433,Louisiana Monroe,FBS Independents,0,,893,796,,,
63466,2000,9,regular,2000-10-21T00:00:00.000Z,,false,true,,,,153,North Carolina,ACC,24,,1449,1455,228,Clemson,ACC,38,,1869,1863,,,
63474,2000,9,regular,2000-10-21T00:00:00.000Z,,false,true,,,,2305,Kansas,Big 12,23,,1417,1445,38,Colorado,Big 12,15,,1660,1632,,,
63475,2000,9,regular,2000-10-21T00:00:00.000Z,,false,true,,,,2306,Kansas State,Big 12,28,,2120,2101,2641,Texas Tech,Big 12,23,,1454,1473,,,
63467,2000,9,regular,2000-10-21T00:00:00.000Z,,false,true,,,,254,Utah,Mountain West,17,,1592,1582,36,Colorado State,Mountain West,24,,1636,1646,,,
63468,2000,9,regular,2000-10-21T00:00:00.000Z,,false,,,,,2006,Akron,Mid-American,35,,1412,1398,41,Connecticut,FBS Independents,38,,1268,1282,,,
63469,2000,9,regular,2000-10-21T00:00:00.000Z,,false,true,,,,52,Florida State,ACC,37,,2163,2183,258,Virginia,ACC,3,,1518,1498,,,
63498,2000,9,regular,2000-10-21T00:00:00.000Z,,false,,,,,58,South Florida,FBS Independents,44,,1345,1460,2335,Liberty,,6,,1382,1267,,,
63470,2000,9,regular,2000-10-21T00:00:00.000Z,,false,true,,,,96,Kentucky,SEC,30,,1395,1412,61,Georgia,SEC,34,,1787,1770,,,
63471,2000,9,regular,2000-10-21T00:00:00.000Z,,false,true,,,,59,Georgia Tech,ACC,45,,1752,1774,150,Duke,ACC,10,,1105,1083,,,
63472,2000,9,regular,2000-10-21T00:00:00.000Z,,false,true,,,,235,Memphis,Conference USA,30,,1518,1500,248,Houston,Conference USA,33,,1314,1332,,,
63473,2000,9,regular,2000-10-21T00:00:00.000Z,,false,true,,,,84,Indiana,Big Ten,51,,1344,1390,135,Minnesota,Big Ten,43,,1822,1776,,,
63502,2000,9,regular,2000-10-21T00:00:00.000Z,,false,true,,,,66,Iowa State,Big 12,7,,1500,1468,245,Texas A&M,Big 12,30,,1755,1787,,,
63501,2000,9,regular,2000-10-21T00:00:00.000Z,,false,true,,,,251,Texas,Big 12,46,,1785,1819,142,Missouri,Big 12,12,,1275,1241,,,
63499,2000,9,regular,2000-10-21T00:00:00.000Z,,false,true,,,,24,Stanford,Pac-10,32,,1427,1430,30,USC,Pac-10,30,,1634,1631,,,
63509,2000,10,regular,2000-10-26T00:00:00.000Z,,false,true,,,,252,BYU,Mountain West,19,,1503,1499,2751,Wyoming,Mountain West,7,,1141,1145,,,
63539,2000,10,regular,2000-10-28T00:00:00.000Z,,false,true,,,,204,Oregon State,Pac-10,38,,1740,1787,265,Washington State,Pac-10,9,,1487,1440,,,
63511,2000,10,regular,2000-10-28T00:00:00.000Z,,false,true,,,,2,Auburn,SEC,21,,1647,1647,8,Arkansas,SEC,19,,1606,1606,,,
63512,2000,10,regular,2000-10-28T00:00:00.000Z,,false,true,,,,2117,Central Michigan,Mid-American,34,,978,980,2050,Ball State,Mid-American,38,,1113,1111,,,
63513,2000,10,regular,2000-10-28T00:00:00.000Z,,false,true,,,,166,New Mexico State,Big West,31,,1279,1298,68,Boise State,Big West,34,,1714,1695,,,
63514,2000,10,regular,2000-10-28T00:00:00.000Z,,false,true,,,,103,Boston College,Big East,42,,1709,1719,164,Rutgers,Big East,13,,1091,1081,,,
63515,2000,10,regular,2000-10-28T00:00:00.000Z,,false,true,,,,30,USC,Pac-10,16,,1631,1585,25,California,Pac-10,28,,1428,1474,,,
63516,2000,10,regular,2000-10-28T00:00:00.000Z,,false,,,,,333,Alabama,SEC,38,,1752,1735,2116,UCF,FBS Independents,40,,1505,1522,,,
63517,2000,10,regular,2000-10-28T00:00:00.000Z,,false,,,,,2132,Cincinnati,Conference USA,45,,1370,1467,193,Miami (OH),Mid-American,15,,1496,1399,,,
63518,2000,10,regular,2000-10-28T00:00:00.000Z,,false,true,,,,38,Colorado,Big 12,37,,1632,1648,197,Oklahoma State,Big 12,21,,1425,1409,,,
63519,2000,10,regular,2000-10-28T00:00:00.000Z,,false,true,,,,21,San Diego State,Mountain West,22,,1445,1437,36,Colorado State,Mountain West,34,,1646,1654,,,
63520,2000,10,regular,2000-10-28T00:00:00.000Z,,false,true,,,,57,Florida,SEC,34,,1945,1952,61,Georgia,SEC,23,,1770,1763,,,
63521,2000,10,regular,2000-10-28T00:00:00.000Z,,false,true,,,,152,NC State,ACC,14,,1609,1552,52,Florida State,ACC,58,,2183,2240,,,
63522,2000,10,regular,2000-10-28T00:00:00.000Z,,false,true,,,,278,Fresno State,Western Athletic,34,,1566,1584,202,Tulsa,Western Athletic,12,,1222,1204,,,
63523,2000,10,regular,2000-10-28T00:00:00.000Z,,false,true,,,,228,Clemson,ACC,28,,1863,1853,59,Georgia Tech,ACC,31,,1774,1784,,,
63524,2000,10,regular,2000-10-28T00:00:00.000Z,,false,true,,,,66,Iowa State,Big 12,39,,1468,1489,142,Missouri,Big 12,20,,1241,1220,,,
63525,2000,10,regular,2000-10-28T00:00:00.000Z,,false,true,,,,97,Louisville,Conference USA,35,,1611,1608,2655,Tulane,Conference USA,32,,1279,1282,,,
63526,2000,10,regular,2000-10-28T00:00:00.000Z,,false,true,,,,2006,Akron,Mid-American,28,,1398,1403,276,Marshall,Mid-American,31,,1557,1552,,,
63527,2000,10,regular,2000-10-28T00:00:00.000Z,,false,true,,,,150,Duke,ACC,9,,1083,1091,120,Maryland,ACC,20,,1458,1450,,,
63528,2000,10,regular,2000-10-28T00:00:00.000Z,,false,,,,,2390,Miami,Big East,42,,1982,1955,2348,Louisiana Tech,FBS Independents,31,,1257,1284,,,
63529,2000,10,regular,2000-10-28T00:00:00.000Z,,false,true,,,,127,Michigan State,Big Ten,14,,1623,1628,356,Illinois,Big Ten,10,,1678,1673,,,
63530,2000,10,regular,2000-10-28T00:00:00.000Z,,false,,,,,145,Ole Miss,SEC,43,,1569,1569,2439,UNLV,Mountain West,40,,1482,1482,,,
63531,2000,10,regular,2000-10-28T00:00:00.000Z,,false,,,,,344,Mississippi State,SEC,61,,1717,1732,2393,Middle Tennessee,FBS Independents,35,,1233,1218,,,
63532,2000,10,regular,2000-10-28T00:00:00.000Z,,false,true,,,,167,New Mexico,Mountain West,10,,1418,1437,254,Utah,Mountain West,3,,1582,1563,,,
63533,2000,10,regular,2000-10-28T00:00:00.000Z,,false,,,,,309,Louisiana,FBS Independents,0,,898,874,249,North Texas,Big West,13,,952,976,,,
63534,2000,10,regular,2000-10-28T00:00:00.000Z,,false,true,,,,2459,Northern Illinois,Mid-American,73,,1403,1524,2084,Buffalo,Mid-American,10,,871,750,,,
63535,2000,10,regular,2000-10-28T00:00:00.000Z,,false,true,,,,135,Minnesota,Big Ten,35,,1776,1749,77,Northwestern,Big Ten,41,,1565,1592,,,
63537,2000,10,regular,2000-10-28T00:00:00.000Z,,false,true,,,,201,Oklahoma,Big 12,31,,2044,2089,158,Nebraska,Big 12,14,,2127,2082,,,
63538,2000,10,regular,2000-10-28T00:00:00.000Z,,false,true,,,,9,Arizona State,Pac-10,55,,1575,1585,2483,Oregon,Pac-10,56,,1819,1809,,,
63540,2000,10,regular,2000-10-28T00:00:00.000Z,,false,true,,,,84,Indiana,Big Ten,24,,1390,1402,213,Penn State,Big Ten,27,,1677,1665,,,
63541,2000,10,regular,2000-10-28T00:00:00.000Z,,false,true,,,,2509,Purdue,Big Ten,31,,1847,1850,194,Ohio State,Big Ten,27,,1859,1856,,,
63542,2000,10,regular,2000-10-28T00:00:00.000Z,,false,true,,,,62,Hawai'i,Western Athletic,48,,1238,1228,23,San José State,Western Athletic,57,,1333,1343,,,
63543,2000,10,regular,2000-10-28T00:00:00.000Z,,false,true,,,,41,Connecticut,FBS Independents,13,,1282,1280,58,South Florida,FBS Independents,21,,1460,1462,,,
63544,2000,10,regular,2000-10-28T00:00:00.000Z,,false,true,,,,2567,SMU,Western Athletic,21,,1155,1174,2440,Nevada,Western Athletic,7,,1051,1032,,,
63545,2000,10,regular,2000-10-28T00:00:00.000Z,,false,true,,,,248,Houston,Conference USA,3,,1332,1357,2572,Southern Mississippi,Conference USA,6,,1873,1848,,,
63546,2000,10,regular,2000-10-28T00:00:00.000Z,,false,true,,,,2579,South Carolina,SEC,14,,1628,1638,2633,Tennessee,SEC,17,,1879,1869,,,
63547,2000,10,regular,2000-10-28T00:00:00.000Z,,false,true,,,,251,Texas,Big 12,48,,1819,1835,239,Baylor,Big 12,14,,1134,1118,,,
63548,2000,10,regular,2000-10-28T00:00:00.000Z,,false,true,,,,245,Texas A&M,Big 12,26,,1787,1853,2306,Kansas State,Big 12,10,,2101,2035,,,
63549,2000,10,regular,2000-10-28T00:00:00.000Z,,false,true,,,,2628,TCU,Western Athletic,37,,1765,1821,242,Rice,Western Athletic,0,,1376,1320,,,
63550,2000,10,regular,2000-10-28T00:00:00.000Z,,false,true,,,,2305,Kansas,Big 12,39,,1445,1436,2641,Texas Tech,Big 12,45,,1473,1482,,,
63551,2000,10,regular,2000-10-28T00:00:00.000Z,,false,,,,,2426,Navy,FBS Independents,14,,1197,1204,2649,Toledo,Mid-American,35,,1802,1795,,,
63552,2000,10,regular,2000-10-28T00:00:00.000Z,,false,true,,,,12,Arizona,Pac-10,24,,1699,1681,26,UCLA,Pac-10,27,,1491,1509,,,
63553,2000,10,regular,2000-10-28T00:00:00.000Z,,false,true,,,,328,Utah State,Big West,44,,1263,1273,2032,Arkansas State,Big West,31,,1071,1061,,,
63554,2000,10,regular,2000-10-28T00:00:00.000Z,,false,true,,,,258,Virginia,ACC,17,,1498,1515,153,North Carolina,ACC,6,,1455,1438,,,
63555,2000,10,regular,2000-10-28T00:00:00.000Z,,false,true,,,,259,Virginia Tech,Big East,37,,2004,2000,221,Pittsburgh,Big East,34,,1607,1611,,,
63556,2000,10,regular,2000-10-28T00:00:00.000Z,,false,true,,,,24,Stanford,Pac-10,28,,1430,1439,264,Washington,Pac-10,31,,1668,1659,,,
63557,2000,10,regular,2000-10-28T00:00:00.000Z,,false,true,,,,2309,Kent State,Mid-American,0,,1036,992,2711,Western Michigan,Mid-American,42,,1672,1716,,,
63558,2000,10,regular,2000-10-28T00:00:00.000Z,,false,true,,,,2294,Iowa,Big Ten,7,,1280,1302,275,Wisconsin,Big Ten,13,,1772,1750,,,
63510,2000,10,regular,2000-10-28T00:00:00.000Z,,false,true,,,,151,East Carolina,Conference USA,13,,1671,1652,5,UAB,Conference USA,16,,1447,1466,,,
63536,2000,10,regular,2000-10-28T00:00:00.000Z,,false,,,,,87,Notre Dame,FBS Independents,34,,1705,1704,2005,Air Force,Mountain West,31,,1523,1524,,,
63559,2000,11,regular,2000-11-02T00:00:00.000Z,,false,true,,,,36,Colorado State,Mountain West,45,,1654,1697,252,BYU,Mountain West,21,,1499,1456,,,
63584,2000,11,regular,2000-11-04T00:00:00.000Z,,false,true,,,,96,Kentucky,SEC,17,,1412,1400,344,Mississippi State,SEC,35,,1732,1744,,,
63585,2000,11,regular,2000-11-04T00:00:00.000Z,,false,true,,,,158,Nebraska,Big 12,56,,2082,2115,2305,Kansas,Big 12,17,,1436,1403,,,
63586,2000,11,regular,2000-11-04T00:00:00.000Z,,false,,,,,221,Pittsburgh,Big East,17,,1611,1595,153,North Carolina,ACC,20,,1438,1454,,,
63589,2000,11,regular,2000-11-04T00:00:00.000Z,,false,true,,,,239,Baylor,Big 12,7,,1118,1092,201,Oklahoma,Big 12,56,,2089,2115,,,
63588,2000,11,regular,2000-11-04T00:00:00.000Z,,false,true,,,,194,Ohio State,Big Ten,27,,1856,1865,127,Michigan State,Big Ten,13,,1628,1619,,,
63560,2000,11,regular,2000-11-04T00:00:00.000Z,,false,,,,,349,Army,Conference USA,27,,1219,1215,2005,Air Force,Mountain West,41,,1524,1528,,,
63561,2000,11,regular,2000-11-04T00:00:00.000Z,,false,true,,,,2032,Arkansas State,Big West,14,,1061,1055,68,Boise State,Big West,42,,1695,1701,,,
63562,2000,11,regular,2000-11-04T00:00:00.000Z,,false,true,,,,103,Boston College,Big East,31,,1719,1757,218,Temple,Big East,3,,1407,1369,,,
63563,2000,11,regular,2000-11-04T00:00:00.000Z,,false,true,,,,2084,Buffalo,Mid-American,20,,750,754,2309,Kent State,Mid-American,17,,992,988,,,
63564,2000,11,regular,2000-11-04T00:00:00.000Z,,false,true,,,,2348,Louisiana Tech,FBS Independents,16,,1284,1292,2116,UCF,FBS Independents,20,,1522,1514,,,
63583,2000,11,regular,2000-11-04T00:00:00.000Z,,false,true,,,,8,Arkansas,SEC,24,,1606,1570,145,Ole Miss,SEC,38,,1569,1605,,,
63587,2000,11,regular,2000-11-04T00:00:00.000Z,,false,true,,,,77,Northwestern,Big Ten,54,,1592,1598,130,Michigan,Big Ten,51,,1969,1963,,,
63605,2000,11,regular,2000-11-04T00:00:00.000Z,,false,true,,,,254,Utah,Mountain West,38,,1563,1607,2439,UNLV,Mountain West,16,,1482,1438,,,
63607,2000,11,regular,2000-11-04T00:00:00.000Z,,false,true,,,,154,Wake Forest,ACC,28,,1227,1226,150,Duke,ACC,26,,1091,1092,,,
63595,2000,11,regular,2000-11-04T00:00:00.000Z,,false,,,,,58,South Florida,FBS Independents,30,,1462,1466,98,Western Kentucky,,24,,1401,1397,,,
63565,2000,11,regular,2000-11-04T00:00:00.000Z,,false,true,,,,2132,Cincinnati,Conference USA,33,,1467,1489,5,UAB,Conference USA,21,,1466,1444,,,
63566,2000,11,regular,2000-11-04T00:00:00.000Z,,false,true,,,,142,Missouri,Big 12,18,,1220,1233,38,Colorado,Big 12,28,,1648,1635,,,
63567,2000,11,regular,2000-11-04T00:00:00.000Z,,false,true,,,,2199,Eastern Michigan,Mid-American,31,,1098,1121,2117,Central Michigan,Mid-American,15,,980,957,,,
63568,2000,11,regular,2000-11-04T00:00:00.000Z,,false,true,,,,238,Vanderbilt,SEC,20,,1364,1365,57,Florida,SEC,43,,1952,1951,,,
63569,2000,11,regular,2000-11-04T00:00:00.000Z,,false,true,,,,52,Florida State,ACC,54,,2240,2328,228,Clemson,ACC,7,,1853,1765,,,
63570,2000,11,regular,2000-11-04T00:00:00.000Z,,false,true,,,,278,Fresno State,Western Athletic,45,,1584,1592,62,Hawai'i,Western Athletic,27,,1228,1220,,,
63571,2000,11,regular,2000-11-04T00:00:00.000Z,,false,true,,,,249,North Texas,Big West,14,,976,989,70,Idaho,Big West,16,,1282,1269,,,
63572,2000,11,regular,2000-11-04T00:00:00.000Z,,false,true,,,,356,Illinois,Big Ten,42,,1673,1668,84,Indiana,Big Ten,35,,1402,1407,,,
63573,2000,11,regular,2000-11-04T00:00:00.000Z,,false,true,,,,213,Penn State,Big Ten,23,,1665,1636,2294,Iowa,Big Ten,26,,1302,1331,,,
63574,2000,11,regular,2000-11-04T00:00:00.000Z,,false,true,,,,2306,Kansas State,Big 12,56,,2035,2100,66,Iowa State,Big 12,10,,1489,1424,,,
63575,2000,11,regular,2000-11-04T00:00:00.000Z,,false,true,,,,2433,Louisiana Monroe,FBS Independents,18,,796,796,309,Louisiana,FBS Independents,21,,874,874,,,
63576,2000,11,regular,2000-11-04T00:00:00.000Z,,false,true,,,,99,LSU,SEC,30,,1617,1619,333,Alabama,SEC,28,,1735,1733,,,
63577,2000,11,regular,2000-11-04T00:00:00.000Z,,false,true,,,,2572,Southern Mississippi,Conference USA,28,,1848,1765,97,Louisville,Conference USA,49,,1608,1691,,,
63578,2000,11,regular,2000-11-04T00:00:00.000Z,,false,true,,,,189,Bowling Green,Mid-American,13,,1277,1284,276,Marshall,Mid-American,20,,1552,1545,,,
63579,2000,11,regular,2000-11-04T00:00:00.000Z,,false,true,,,,120,Maryland,ACC,35,,1450,1466,152,NC State,ACC,28,,1552,1536,,,
63580,2000,11,regular,2000-11-04T00:00:00.000Z,,false,true,,,,2390,Miami,Big East,41,,1955,2006,259,Virginia Tech,Big East,21,,2000,1949,,,
63581,2000,11,regular,2000-11-04T00:00:00.000Z,,false,true,,,,193,Miami (OH),Mid-American,27,,1399,1403,195,Ohio,Mid-American,24,,1592,1588,,,
63582,2000,11,regular,2000-11-04T00:00:00.000Z,,false,true,,,,41,Connecticut,FBS Independents,10,,1280,1086,2393,Middle Tennessee,FBS Independents,66,,1218,1412,,,
63606,2000,11,regular,2000-11-04T00:00:00.000Z,,false,true,,,,166,New Mexico State,Big West,37,,1298,1283,328,Utah State,Big West,44,,1273,1288,,,
63610,2000,11,regular,2000-11-04T00:00:00.000Z,,false,true,,,,275,Wisconsin,Big Ten,41,,1750,1800,135,Minnesota,Big Ten,20,,1749,1699,,,
63609,2000,11,regular,2000-11-04T00:00:00.000Z,,false,true,,,,2050,Ball State,Mid-American,3,,1111,1072,2711,Western Michigan,Mid-American,42,,1716,1755,,,
63608,2000,11,regular,2000-11-04T00:00:00.000Z,,false,true,,,,264,Washington,Pac-10,35,,1659,1660,12,Arizona,Pac-10,32,,1681,1680,,,
63590,2000,11,regular,2000-11-04T00:00:00.000Z,,false,true,,,,265,Washington State,Pac-10,24,,1440,1456,2483,Oregon,Pac-10,27,,1809,1793,,,
63591,2000,11,regular,2000-11-04T00:00:00.000Z,,false,true,,,,25,California,Pac-10,32,,1474,1485,204,Oregon State,Pac-10,38,,1787,1776,,,
63592,2000,11,regular,2000-11-04T00:00:00.000Z,,false,true,,,,242,Rice,Western Athletic,43,,1320,1379,2567,SMU,Western Athletic,14,,1174,1115,,,
63593,2000,11,regular,2000-11-04T00:00:00.000Z,,false,true,,,,167,New Mexico,Mountain West,16,,1437,1436,21,San Diego State,Mountain West,17,,1437,1438,,,
63594,2000,11,regular,2000-11-04T00:00:00.000Z,,false,true,,,,23,San José State,Western Athletic,27,,1343,1351,2628,TCU,Western Athletic,24,,1821,1813,,,
63596,2000,11,regular,2000-11-04T00:00:00.000Z,,false,true,,,,9,Arizona State,Pac-10,38,,1585,1574,30,USC,Pac-10,44,,1585,1596,,,
63597,2000,11,regular,2000-11-04T00:00:00.000Z,,false,true,,,,277,West Virginia,Big East,27,,1509,1515,183,Syracuse,Big East,31,,1704,1698,,,
63598,2000,11,regular,2000-11-04T00:00:00.000Z,,false,,,,,235,Memphis,Conference USA,17,,1500,1516,2633,Tennessee,SEC,19,,1869,1853,,,
63599,2000,11,regular,2000-11-04T00:00:00.000Z,,false,true,,,,2641,Texas Tech,Big 12,17,,1482,1486,251,Texas,Big 12,29,,1835,1831,,,
63600,2000,11,regular,2000-11-04T00:00:00.000Z,,false,true,,,,197,Oklahoma State,Big 12,16,,1409,1429,245,Texas A&M,Big 12,21,,1853,1833,,,
63601,2000,11,regular,2000-11-04T00:00:00.000Z,,false,true,,,,2440,Nevada,Western Athletic,22,,1032,1024,2638,UTEP,Western Athletic,45,,1520,1528,,,
63602,2000,11,regular,2000-11-04T00:00:00.000Z,,false,true,,,,2459,Northern Illinois,Mid-American,24,,1524,1517,2649,Toledo,Mid-American,38,,1795,1802,,,
63603,2000,11,regular,2000-11-04T00:00:00.000Z,,false,true,,,,2655,Tulane,Conference USA,41,,1282,1330,248,Houston,Conference USA,23,,1357,1309,,,
63604,2000,11,regular,2000-11-04T00:00:00.000Z,,false,true,,,,26,UCLA,Pac-10,37,,1509,1509,24,Stanford,Pac-10,35,,1439,1439,,,
63611,2000,12,regular,2000-11-09T00:00:00.000Z,,false,true,,,,59,Georgia Tech,ACC,35,,1784,1848,258,Virginia,ACC,0,,1515,1451,,,
63662,2000,12,regular,2000-11-11T00:00:00.000Z,,false,,,,,2116,UCF,FBS Independents,21,,1514,1501,259,Virginia Tech,Big East,44,,1949,1962,,,
63627,2000,12,regular,2000-11-11T00:00:00.000Z,,false,,,,,309,Louisiana,FBS Independents,14,,,,55,Jacksonville State,,28,,,,,,
63622,2000,12,regular,2000-11-11T00:00:00.000Z,,false,true,,,,154,Wake Forest,ACC,6,,1226,1259,52,Florida State,ACC,35,,2328,2295,,,
63623,2000,12,regular,2000-11-11T00:00:00.000Z,,false,true,,,,62,Hawai'i,Western Athletic,37,,1220,1247,2440,Nevada,Western Athletic,17,,1024,997,,,
63624,2000,12,regular,2000-11-11T00:00:00.000Z,,false,true,,,,70,Idaho,Big West,44,,1269,1270,166,New Mexico State,Big West,41,,1283,1282,,,
63625,2000,12,regular,2000-11-11T00:00:00.000Z,,false,true,,,,2294,Iowa,Big Ten,27,,1331,1369,77,Northwestern,Big Ten,17,,1598,1560,,,
63626,2000,12,regular,2000-11-11T00:00:00.000Z,,false,true,,,,38,Colorado,Big 12,27,,1635,1601,66,Iowa State,Big 12,35,,1424,1458,,,
63628,2000,12,regular,2000-11-11T00:00:00.000Z,,false,true,,,,2306,Kansas State,Big 12,29,,2100,2101,158,Nebraska,Big 12,28,,2115,2114,,,
63629,2000,12,regular,2000-11-11T00:00:00.000Z,,false,true,,,,145,Ole Miss,SEC,9,,1605,1583,99,LSU,SEC,20,,1619,1641,,,
63630,2000,12,regular,2000-11-11T00:00:00.000Z,,false,true,,,,2433,Louisiana Monroe,FBS Independents,19,,796,789,2348,Louisiana Tech,FBS Independents,42,,1292,1299,,,
63631,2000,12,regular,2000-11-11T00:00:00.000Z,,false,true,,,,97,Louisville,Conference USA,38,,1691,1695,349,Army,Conference USA,17,,1215,1211,,,
63632,2000,12,regular,2000-11-11T00:00:00.000Z,,false,true,,,,276,Marshall,Mid-American,51,,1545,1577,193,Miami (OH),Mid-American,31,,1403,1371,,,
63633,2000,12,regular,2000-11-11T00:00:00.000Z,,false,true,,,,2390,Miami,Big East,35,,2006,2033,221,Pittsburgh,Big East,7,,1595,1568,,,
63634,2000,12,regular,2000-11-11T00:00:00.000Z,,false,true,,,,130,Michigan,Big Ten,33,,1963,1983,213,Penn State,Big Ten,11,,1636,1616,,,
63635,2000,12,regular,2000-11-11T00:00:00.000Z,,false,true,,,,127,Michigan State,Big Ten,30,,1619,1691,2509,Purdue,Big Ten,10,,1850,1778,,,
63636,2000,12,regular,2000-11-11T00:00:00.000Z,,false,true,,,,2393,Middle Tennessee,FBS Independents,45,,1412,1522,58,South Florida,FBS Independents,9,,1466,1356,,,
63637,2000,12,regular,2000-11-11T00:00:00.000Z,,false,true,,,,344,Mississippi State,SEC,29,,1744,1796,333,Alabama,SEC,7,,1733,1681,,,
63638,2000,12,regular,2000-11-11T00:00:00.000Z,,false,true,,,,239,Baylor,Big 12,22,,1092,1042,142,Missouri,Big 12,47,,1233,1283,,,
63639,2000,12,regular,2000-11-11T00:00:00.000Z,,false,true,,,,2439,UNLV,Mountain West,18,,1438,1441,167,New Mexico,Mountain West,14,,1436,1433,,,
63640,2000,12,regular,2000-11-11T00:00:00.000Z,,false,true,,,,153,North Carolina,ACC,13,,1454,1455,120,Maryland,ACC,10,,1466,1465,,,
63641,2000,12,regular,2000-11-11T00:00:00.000Z,,false,true,,,,152,NC State,ACC,35,,1536,1527,150,Duke,ACC,31,,1092,1101,,,
63643,2000,12,regular,2000-11-11T00:00:00.000Z,,false,true,,,,189,Bowling Green,Mid-American,21,,1284,1297,195,Ohio,Mid-American,23,,1588,1575,,,
63644,2000,12,regular,2000-11-11T00:00:00.000Z,,false,true,,,,356,Illinois,Big Ten,21,,1668,1675,194,Ohio State,Big Ten,24,,1865,1858,,,
63645,2000,12,regular,2000-11-11T00:00:00.000Z,,false,true,,,,245,Texas A&M,Big 12,31,,1833,1844,201,Oklahoma,Big 12,35,,2115,2104,,,
63646,2000,12,regular,2000-11-11T00:00:00.000Z,,false,true,,,,2483,Oregon,Pac-10,25,,1793,1787,25,California,Pac-10,17,,1485,1491,,,
63647,2000,12,regular,2000-11-11T00:00:00.000Z,,false,true,,,,12,Arizona,Pac-10,9,,1680,1628,204,Oregon State,Pac-10,33,,1776,1828,,,
63649,2000,12,regular,2000-11-11T00:00:00.000Z,,false,true,,,,2567,SMU,Western Athletic,24,,1115,1121,202,Tulsa,Western Athletic,20,,1204,1198,,,
63650,2000,12,regular,2000-11-11T00:00:00.000Z,,false,true,,,,5,UAB,Conference USA,30,,1444,1458,2572,Southern Mississippi,Conference USA,33,,1765,1751,,,
63651,2000,12,regular,2000-11-11T00:00:00.000Z,,false,true,,,,24,Stanford,Pac-10,29,,1439,1508,9,Arizona State,Pac-10,7,,1574,1505,,,
63652,2000,12,regular,2000-11-11T00:00:00.000Z,,false,true,,,,218,Temple,Big East,12,,1369,1356,183,Syracuse,Big East,31,,1698,1711,,,
63653,2000,12,regular,2000-11-11T00:00:00.000Z,,false,true,,,,2633,Tennessee,SEC,63,,1853,1941,8,Arkansas,SEC,20,,1570,1482,,,
63654,2000,12,regular,2000-11-11T00:00:00.000Z,,false,true,,,,2305,Kansas,Big 12,16,,1403,1356,251,Texas,Big 12,51,,1831,1878,,,
63655,2000,12,regular,2000-11-11T00:00:00.000Z,,false,true,,,,2628,TCU,Western Athletic,24,,1813,1830,278,Fresno State,Western Athletic,7,,1592,1575,,,
63656,2000,12,regular,2000-11-11T00:00:00.000Z,,false,true,,,,2641,Texas Tech,Big 12,58,,1486,1663,197,Oklahoma State,Big 12,0,,1429,1252,,,
63657,2000,12,regular,2000-11-11T00:00:00.000Z,,false,true,,,,2638,UTEP,Western Athletic,38,,1528,1551,242,Rice,Western Athletic,21,,1379,1356,,,
63658,2000,12,regular,2000-11-11T00:00:00.000Z,,false,true,,,,2649,Toledo,Mid-American,31,,1802,1799,2050,Ball State,Mid-American,3,,1072,1075,,,
63659,2000,12,regular,2000-11-11T00:00:00.000Z,,false,,,,,2655,Tulane,Conference USA,50,,1330,1343,2426,Navy,FBS Independents,38,,1204,1191,,,
63660,2000,12,regular,2000-11-11T00:00:00.000Z,,false,true,,,,2751,Wyoming,Mountain West,0,,1145,1105,254,Utah,Mountain West,34,,1607,1647,,,
63661,2000,12,regular,2000-11-11T00:00:00.000Z,,false,true,,,,96,Kentucky,SEC,20,,1400,1391,238,Vanderbilt,SEC,24,,1365,1374,,,
63663,2000,12,regular,2000-11-11T00:00:00.000Z,,false,true,,,,264,Washington,Pac-10,35,,1660,1661,26,UCLA,Pac-10,28,,1509,1508,,,
63664,2000,12,regular,2000-11-11T00:00:00.000Z,,false,true,,,,30,USC,Pac-10,27,,1596,1574,265,Washington State,Pac-10,33,,1456,1478,,,
63665,2000,12,regular,2000-11-11T00:00:00.000Z,,false,true,,,,164,Rutgers,Big East,24,,1081,1099,277,West Virginia,Big East,31,,1515,1497,,,
63666,2000,12,regular,2000-11-11T00:00:00.000Z,,false,true,,,,84,Indiana,Big Ten,22,,1407,1395,275,Wisconsin,Big Ten,43,,1800,1812,,,
63648,2000,12,regular,2000-11-11T00:00:00.000Z,,false,,,,,41,Connecticut,FBS Independents,21,,,,227,Rhode Island,,26,,,,,,
63642,2000,12,regular,2000-11-11T00:00:00.000Z,,false,,,,,87,Notre Dame,FBS Independents,28,,1704,1731,103,Boston College,Big East,16,,1757,1730,,,
63612,2000,12,regular,2000-11-11T00:00:00.000Z,,false,true,,,,2005,Air Force,Mountain West,44,,1528,1536,36,Colorado State,Mountain West,40,,1697,1689,,,
63613,2000,12,regular,2000-11-11T00:00:00.000Z,,false,true,,,,2006,Akron,Mid-American,49,,1403,1425,2084,Buffalo,Mid-American,14,,754,732,,,
63614,2000,12,regular,2000-11-11T00:00:00.000Z,,false,true,,,,2032,Arkansas State,Big West,53,,1055,1111,249,North Texas,Big West,28,,989,933,,,
63615,2000,12,regular,2000-11-11T00:00:00.000Z,,false,true,,,,2,Auburn,SEC,29,,1647,1650,61,Georgia,SEC,26,,1763,1760,,,
63616,2000,12,regular,2000-11-11T00:00:00.000Z,,false,true,,,,68,Boise State,Big West,66,,1701,1728,328,Utah State,Big West,38,,1288,1261,,,
63617,2000,12,regular,2000-11-11T00:00:00.000Z,,false,true,,,,2117,Central Michigan,Mid-American,21,,957,990,2711,Western Michigan,Mid-American,17,,1755,1722,,,
63618,2000,12,regular,2000-11-11T00:00:00.000Z,,false,true,,,,235,Memphis,Conference USA,10,,1516,1510,2132,Cincinnati,Conference USA,13,,1489,1495,,,
63619,2000,12,regular,2000-11-11T00:00:00.000Z,,false,true,,,,151,East Carolina,Conference USA,62,,1652,1729,248,Houston,Conference USA,20,,1309,1232,,,
63620,2000,12,regular,2000-11-11T00:00:00.000Z,,false,true,,,,2199,Eastern Michigan,Mid-American,39,,1121,1156,2459,Northern Illinois,Mid-American,32,,1517,1482,,,
63621,2000,12,regular,2000-11-11T00:00:00.000Z,,false,true,,,,57,Florida,SEC,41,,1951,1967,2579,South Carolina,SEC,21,,1638,1622,,,
63667,2000,13,regular,2000-11-16T00:00:00.000Z,,false,true,,,,36,Colorado State,Mountain West,37,,1689,1690,2751,Wyoming,Mountain West,13,,1105,1104,,,
63688,2000,13,regular,2000-11-18T00:00:00.000Z,,false,true,,,,2084,Buffalo,Mid-American,16,,732,757,193,Miami (OH),Mid-American,17,,1371,1346,,,
63687,2000,13,regular,2000-11-18T00:00:00.000Z,,false,true,,,,183,Syracuse,Big East,0,,1711,1678,2390,Miami,Big East,26,,2033,2066,,,
63686,2000,13,regular,2000-11-18T00:00:00.000Z,,false,true,,,,248,Houston,Conference USA,13,,1232,1231,97,Louisville,Conference USA,32,,1695,1696,,,
63694,2000,13,regular,2000-11-18T00:00:00.000Z,,false,true,,,,249,North Texas,Big West,30,,933,964,166,New Mexico State,Big West,23,,1282,1251,,,
63693,2000,13,regular,2000-11-18T00:00:00.000Z,,false,true,,,,150,Duke,ACC,21,,1101,1036,153,North Carolina,ACC,59,,1455,1520,,,
63692,2000,13,regular,2000-11-18T00:00:00.000Z,,false,true,,,,2440,Nevada,Western Athletic,34,,997,1024,242,Rice,Western Athletic,28,,1356,1329,,,
63691,2000,13,regular,2000-11-18T00:00:00.000Z,,false,true,,,,135,Minnesota,Big Ten,27,,1699,1696,2294,Iowa,Big Ten,24,,1369,1372,,,
63690,2000,13,regular,2000-11-18T00:00:00.000Z,,false,true,,,,2393,Middle Tennessee,FBS Independents,41,,1522,1516,309,Louisiana,FBS Independents,38,,874,880,,,
63682,2000,13,regular,2000-11-18T00:00:00.000Z,,false,,,,,62,Hawai'i,Western Athletic,27,,1247,1289,2348,Louisiana Tech,FBS Independents,10,,1299,1257,,,
63681,2000,13,regular,2000-11-18T00:00:00.000Z,,false,true,,,,120,Maryland,ACC,22,,1465,1470,59,Georgia Tech,ACC,35,,1848,1843,,,
63680,2000,13,regular,2000-11-18T00:00:00.000Z,,false,true,,,,61,Georgia,SEC,32,,1760,1783,145,Ole Miss,SEC,14,,1583,1560,,,
63679,2000,13,regular,2000-11-18T00:00:00.000Z,,false,true,,,,278,Fresno State,Western Athletic,14,,1575,1561,2567,SMU,Western Athletic,7,,1121,1135,,,
63678,2000,13,regular,2000-11-18T00:00:00.000Z,,false,,,,,52,Florida State,ACC,30,,2295,2317,57,Florida,SEC,7,,1967,1945,,,
63674,2000,13,regular,2000-11-18T00:00:00.000Z,,false,true,,,,68,Boise State,Big West,66,,1728,1791,70,Idaho,Big West,24,,1270,1207,,,
63677,2000,13,regular,2000-11-18T00:00:00.000Z,,false,,,,,228,Clemson,ACC,16,,1765,1764,2579,South Carolina,SEC,14,,1622,1623,,,
63683,2000,13,regular,2000-11-18T00:00:00.000Z,,false,,,,,328,Utah State,Big West,24,,,,304,Idaho State,,27,,,,,,
63676,2000,13,regular,2000-11-18T00:00:00.000Z,,false,true,,,,2132,Cincinnati,Conference USA,27,,1495,1500,2572,Southern Mississippi,Conference USA,24,,1751,1746,,,
63673,2000,13,regular,2000-11-18T00:00:00.000Z,,false,,,,,2050,Ball State,Mid-American,29,,1075,1153,41,Connecticut,FBS Independents,0,,1086,1008,,,
63668,2000,13,regular,2000-11-18T00:00:00.000Z,,false,true,,,,2005,Air Force,Mountain West,45,,1536,1576,21,San Diego State,Mountain West,24,,1438,1398,,,
63669,2000,13,regular,2000-11-18T00:00:00.000Z,,false,true,,,,2309,Kent State,Mid-American,6,,988,962,2006,Akron,Mid-American,34,,1425,1451,,,
63670,2000,13,regular,2000-11-18T00:00:00.000Z,,false,true,,,,349,Army,Conference USA,7,,1211,1187,5,UAB,Conference USA,27,,1458,1482,,,
63671,2000,13,regular,2000-11-18T00:00:00.000Z,,false,true,,,,344,Mississippi State,SEC,10,,1796,1756,8,Arkansas,SEC,17,,1482,1522,,,
63672,2000,13,regular,2000-11-18T00:00:00.000Z,,false,true,,,,333,Alabama,SEC,0,,1681,1660,2,Auburn,SEC,9,,1650,1671,,,
63685,2000,13,regular,2000-11-18T00:00:00.000Z,,false,true,,,,142,Missouri,Big 12,24,,1283,1321,2306,Kansas State,Big 12,28,,2101,2063,,,
63684,2000,13,regular,2000-11-18T00:00:00.000Z,,false,true,,,,66,Iowa State,Big 12,38,,1458,1497,2305,Kansas,Big 12,17,,1356,1317,,,
63675,2000,13,regular,2000-11-18T00:00:00.000Z,,false,true,,,,252,BYU,Mountain West,37,,1456,1513,167,New Mexico,Mountain West,13,,1433,1376,,,
63709,2000,13,regular,2000-11-18T00:00:00.000Z,,false,true,,,,2628,TCU,Western Athletic,47,,1830,1886,2638,UTEP,Western Athletic,14,,1551,1495,,,
63708,2000,13,regular,2000-11-18T00:00:00.000Z,,false,true,,,,2633,Tennessee,SEC,59,,1941,1984,96,Kentucky,SEC,20,,1391,1348,,,
63707,2000,13,regular,2000-11-18T00:00:00.000Z,,false,true,,,,25,California,Pac-10,30,,1491,1481,24,Stanford,Pac-10,36,,1508,1518,,,
63706,2000,13,regular,2000-11-18T00:00:00.000Z,,false,true,,,,26,UCLA,Pac-10,35,,1508,1507,30,USC,Pac-10,38,,1574,1575,,,
63704,2000,13,regular,2000-11-18T00:00:00.000Z,,false,true,,,,2509,Purdue,Big Ten,41,,1778,1808,84,Indiana,Big Ten,13,,1395,1365,,,
63703,2000,13,regular,2000-11-18T00:00:00.000Z,,false,true,,,,218,Temple,Big East,0,,1356,1359,221,Pittsburgh,Big East,7,,1568,1565,,,
63702,2000,13,regular,2000-11-18T00:00:00.000Z,,false,true,,,,213,Penn State,Big Ten,42,,1616,1667,127,Michigan State,Big Ten,23,,1691,1640,,,
63701,2000,13,regular,2000-11-18T00:00:00.000Z,,false,true,,,,204,Oregon State,Pac-10,23,,1828,1842,2483,Oregon,Pac-10,13,,1787,1773,,,
63700,2000,13,regular,2000-11-18T00:00:00.000Z,,false,true,,,,197,Oklahoma State,Big 12,50,,1252,1301,239,Baylor,Big 12,22,,1042,993,,,
63699,2000,13,regular,2000-11-18T00:00:00.000Z,,false,true,,,,201,Oklahoma,Big 12,27,,2104,2097,2641,Texas Tech,Big 12,13,,1663,1670,,,
63698,2000,13,regular,2000-11-18T00:00:00.000Z,,false,true,,,,195,Ohio,Mid-American,38,,1575,1592,276,Marshall,Mid-American,28,,1577,1560,,,
63697,2000,13,regular,2000-11-18T00:00:00.000Z,,false,,,,,164,Rutgers,Big East,17,,1099,1093,87,Notre Dame,FBS Independents,45,,1731,1737,,,
63696,2000,13,regular,2000-11-18T00:00:00.000Z,,false,true,,,,77,Northwestern,Big Ten,61,,1560,1686,356,Illinois,Big Ten,23,,1675,1549,,,
63689,2000,13,regular,2000-11-18T00:00:00.000Z,,false,true,,,,194,Ohio State,Big Ten,26,,1858,1843,130,Michigan,Big Ten,38,,1983,1998,,,
63695,2000,13,regular,2000-11-18T00:00:00.000Z,,false,true,,,,2459,Northern Illinois,Mid-American,40,,1482,1518,2117,Central Michigan,Mid-American,6,,990,954,,,
63716,2000,13,regular,2000-11-18T00:00:00.000Z,,false,true,,,,2711,Western Michigan,Mid-American,28,,1722,1734,2199,Eastern Michigan,Mid-American,0,,1156,1144,,,
63710,2000,13,regular,2000-11-18T00:00:00.000Z,,false,true,,,,2655,Tulane,Conference USA,37,,1343,1419,235,Memphis,Conference USA,14,,1510,1434,,,
63711,2000,13,regular,2000-11-18T00:00:00.000Z,,false,true,,,,202,Tulsa,Western Athletic,28,,1198,1230,23,San José State,Western Athletic,17,,1351,1319,,,
63712,2000,13,regular,2000-11-18T00:00:00.000Z,,false,true,,,,258,Virginia,ACC,24,,1451,1465,152,NC State,ACC,17,,1527,1513,,,
63713,2000,13,regular,2000-11-18T00:00:00.000Z,,false,,,,,2426,Navy,FBS Independents,26,,1191,1139,154,Wake Forest,ACC,49,,1259,1311,,,
63714,2000,13,regular,2000-11-18T00:00:00.000Z,,false,true,,,,265,Washington State,Pac-10,3,,1478,1355,264,Washington,Pac-10,51,,1661,1784,,,
63715,2000,13,regular,2000-11-18T00:00:00.000Z,,false,,,,,277,West Virginia,Big East,42,,1497,1562,151,East Carolina,Conference USA,24,,1729,1664,,,
63717,2000,13,regular,2000-11-18T00:00:00.000Z,,false,,,,,2433,Louisiana Monroe,FBS Independents,6,,,,2747,Wofford,,24,,,,,,
63705,2000,13,regular,2000-11-18T00:00:00.000Z,,false,,,,,58,South Florida,FBS Independents,59,,,,2046,Austin Peay,,0,,,,,,
63718,2000,14,regular,2000-11-22T00:00:00.000Z,,false,true,,,,2649,Toledo,Mid-American,51,,1799,1833,189,Bowling Green,Mid-American,17,,1297,1263,,,
63719,2000,14,regular,2000-11-23T00:00:00.000Z,,false,true,,,,145,Ole Miss,SEC,45,,1560,1610,344,Mississippi State,SEC,30,,1756,1706,,,
63722,2000,14,regular,2000-11-24T00:00:00.000Z,,false,true,,,,254,Utah,Mountain West,27,,1647,1623,252,BYU,Mountain West,34,,1513,1537,,,
63723,2000,14,regular,2000-11-24T00:00:00.000Z,,false,true,,,,2572,Southern Mississippi,Conference USA,9,,1746,1732,151,East Carolina,Conference USA,14,,1664,1678,,,
63724,2000,14,regular,2000-11-24T00:00:00.000Z,,false,true,,,,158,Nebraska,Big 12,34,,2114,2107,38,Colorado,Big 12,32,,1601,1608,,,
63726,2000,14,regular,2000-11-24T00:00:00.000Z,,false,true,,,,251,Texas,Big 12,43,,1878,1941,245,Texas A&M,Big 12,17,,1844,1781,,,
63727,2000,14,regular,2000-11-24T00:00:00.000Z,,false,true,,,,2567,SMU,Western Athletic,7,,1135,1067,2628,TCU,Western Athletic,62,,1886,1954,,,
63720,2000,14,regular,2000-11-24T00:00:00.000Z,,false,true,,,,12,Arizona,Pac-10,17,,1628,1587,9,Arizona State,Pac-10,30,,1505,1546,,,
63721,2000,14,regular,2000-11-24T00:00:00.000Z,,false,true,,,,8,Arkansas,SEC,14,,1522,1551,99,LSU,SEC,3,,1641,1612,,,
63725,2000,14,regular,2000-11-24T00:00:00.000Z,,false,true,,,,221,Pittsburgh,Big East,38,,1565,1582,277,West Virginia,Big East,28,,1562,1545,,,
63734,2000,14,regular,2000-11-25T00:00:00.000Z,,false,true,,,,197,Oklahoma State,Big 12,7,,1301,1339,201,Oklahoma,Big 12,12,,2097,2059,,,
63729,2000,14,regular,2000-11-25T00:00:00.000Z,,false,,,,,61,Georgia,SEC,15,,1783,1762,59,Georgia Tech,ACC,27,,1843,1864,,,
63728,2000,14,regular,2000-11-25T00:00:00.000Z,,false,true,,,,23,San José State,Western Athletic,6,,1319,1262,278,Fresno State,Western Athletic,37,,1561,1618,,,
63735,2000,14,regular,2000-11-25T00:00:00.000Z,,false,true,,,,183,Syracuse,Big East,49,,1678,1689,164,Rutgers,Big East,21,,1093,1082,,,
63736,2000,14,regular,2000-11-25T00:00:00.000Z,,false,true,,,,238,Vanderbilt,SEC,26,,1374,1401,2633,Tennessee,SEC,28,,1984,1957,,,
63737,2000,14,regular,2000-11-25T00:00:00.000Z,,false,true,,,,202,Tulsa,Western Athletic,38,,1230,1301,2440,Nevada,Western Athletic,3,,1024,953,,,
63738,2000,14,regular,2000-11-25T00:00:00.000Z,,false,,,,,259,Virginia Tech,Big East,42,,1962,1964,258,Virginia,ACC,21,,1465,1463,,,
63739,2000,14,regular,2000-11-25T00:00:00.000Z,,false,,,,,62,Hawai'i,Western Athletic,18,,1289,1299,275,Wisconsin,Big Ten,34,,1812,1802,,,
63732,2000,14,regular,2000-11-25T00:00:00.000Z,,false,true,,,,152,NC State,ACC,32,,1513,1534,154,Wake Forest,ACC,14,,1311,1290,,,
63731,2000,14,regular,2000-11-25T00:00:00.000Z,,false,true,,,,21,San Diego State,Mountain West,24,,1398,1388,2439,UNLV,Mountain West,31,,1441,1451,,,
63733,2000,14,regular,2000-11-25T00:00:00.000Z,,false,,,,,30,USC,Pac-10,21,,1575,1551,87,Notre Dame,FBS Independents,38,,1737,1761,,,
63730,2000,14,regular,2000-11-25T00:00:00.000Z,,false,true,,,,2390,Miami,Big East,52,,2066,2157,103,Boston College,Big East,6,,1730,1639,,,
63742,2000,15,regular,2000-12-02T00:00:00.000Z,,false,,,,,2426,Navy,FBS Independents,30,,1139,1140,349,Army,Conference USA,28,,1187,1186,,,
63743,2000,15,regular,2000-12-02T00:00:00.000Z,,false,,,,,62,Hawai'i,Western Athletic,32,,1299,1304,2439,UNLV,Mountain West,34,,1451,1446,,,